date,wm_yr_wk,wday,month,year,event_name_1,event_type_1,event_name_2,event_type_2,snap_CA,snap_TX,snap_WI,OT
2011-01-29 00:00:00,11101,1,1,2011,0,0,0,0,0,0,0,0
2011-01-30 00:00:00,11101,2,1,2011,0,0,0,0,0,0,0,0
2011-01-31 00:00:00,11101,3,1,2011,0,0,0,0,0,0,0,0
2011-02-01 00:00:00,11101,4,2,2011,0,0,0,0,1,1,0,0
2011-02-02 00:00:00,11101,5,2,2011,0,0,0,0,1,0,1,0
2011-02-03 00:00:00,11101,6,2,2011,0,0,0,0,1,1,1,0
2011-02-04 00:00:00,11101,7,2,2011,0,0,0,0,1,0,0,0
2011-02-05 00:00:00,11102,1,2,2011,0,0,0,0,1,1,1,0
2011-02-06 00:00:00,11102,2,2,2011,27,4,0,0,1,1,1,0
2011-02-07 00:00:00,11102,3,2,2011,0,0,0,0,1,1,0,75
2011-02-08 00:00:00,11102,4,2,2011,0,0,0,0,1,0,1,45
2011-02-09 00:00:00,11102,5,2,2011,0,0,0,0,1,1,1,62
2011-02-10 00:00:00,11102,6,2,2011,0,0,0,0,1,0,0,47
2011-02-11 00:00:00,11102,7,2,2011,0,0,0,0,0,1,1,5
2011-02-12 00:00:00,11103,1,2,2011,0,0,0,0,0,1,1,90
2011-02-13 00:00:00,11103,2,2,2011,0,0,0,0,0,1,0,79
2011-02-14 00:00:00,11103,3,2,2011,29,1,0,0,0,0,1,42
2011-02-15 00:00:00,11103,4,2,2011,0,0,0,0,0,1,1,65
2011-02-16 00:00:00,11103,5,2,2011,0,0,0,0,0,0,0,37
2011-02-17 00:00:00,11103,6,2,2011,0,0,0,0,0,0,0,42
2011-02-18 00:00:00,11103,7,2,2011,0,0,0,0,0,0,0,27
2011-02-19 00:00:00,11104,1,2,2011,0,0,0,0,0,0,0,34
2011-02-20 00:00:00,11104,2,2,2011,0,0,0,0,0,0,0,54
2011-02-21 00:00:00,11104,3,2,2011,23,2,0,0,0,0,0,31
2011-02-22 00:00:00,11104,4,2,2011,0,0,0,0,0,0,0,41
2011-02-23 00:00:00,11104,5,2,2011,0,0,0,0,0,0,0,29
2011-02-24 00:00:00,11104,6,2,2011,0,0,0,0,0,0,0,17
2011-02-25 00:00:00,11104,7,2,2011,0,0,0,0,0,0,0,19
2011-02-26 00:00:00,11105,1,2,2011,0,0,0,0,0,0,0,29
2011-02-27 00:00:00,11105,2,2,2011,0,0,0,0,0,0,0,46
2011-02-28 00:00:00,11105,3,2,2011,0,0,0,0,0,0,0,23
2011-03-01 00:00:00,11105,4,3,2011,0,0,0,0,1,1,0,37
2011-03-02 00:00:00,11105,5,3,2011,0,0,0,0,1,0,1,25
2011-03-03 00:00:00,11105,6,3,2011,0,0,0,0,1,1,1,23
2011-03-04 00:00:00,11105,7,3,2011,0,0,0,0,1,0,0,40
2011-03-05 00:00:00,11106,1,3,2011,0,0,0,0,1,1,1,36
2011-03-06 00:00:00,11106,2,3,2011,0,0,0,0,1,1,1,41
2011-03-07 00:00:00,11106,3,3,2011,0,0,0,0,1,1,0,32
2011-03-08 00:00:00,11106,4,3,2011,0,0,0,0,1,0,1,48
2011-03-09 00:00:00,11106,5,3,2011,12,3,0,0,1,1,1,5
2011-03-10 00:00:00,11106,6,3,2011,0,0,0,0,1,0,0,0
2011-03-11 00:00:00,11106,7,3,2011,0,0,0,0,0,1,1,0
2011-03-12 00:00:00,11107,1,3,2011,0,0,0,0,0,1,1,0
2011-03-13 00:00:00,11107,2,3,2011,0,0,0,0,0,1,0,0
2011-03-14 00:00:00,11107,3,3,2011,0,0,0,0,0,0,1,0
2011-03-15 00:00:00,11107,4,3,2011,0,0,0,0,0,1,1,0
2011-03-16 00:00:00,11107,5,3,2011,13,3,0,0,0,0,0,0
2011-03-17 00:00:00,11107,6,3,2011,26,1,0,0,0,0,0,0
2011-03-18 00:00:00,11107,7,3,2011,0,0,0,0,0,0,0,0
2011-03-19 00:00:00,11108,1,3,2011,0,0,0,0,0,0,0,0
2011-03-20 00:00:00,11108,2,3,2011,24,3,0,0,0,0,0,0
2011-03-21 00:00:00,11108,3,3,2011,0,0,0,0,0,0,0,0
2011-03-22 00:00:00,11108,4,3,2011,0,0,0,0,0,0,0,19
2011-03-23 00:00:00,11108,5,3,2011,0,0,0,0,0,0,0,20
2011-03-24 00:00:00,11108,6,3,2011,0,0,0,0,0,0,0,27
2011-03-25 00:00:00,11108,7,3,2011,0,0,0,0,0,0,0,9
2011-03-26 00:00:00,11109,1,3,2011,0,0,0,0,0,0,0,40
2011-03-27 00:00:00,11109,2,3,2011,0,0,0,0,0,0,0,35
2011-03-28 00:00:00,11109,3,3,2011,0,0,0,0,0,0,0,21
2011-03-29 00:00:00,11109,4,3,2011,0,0,0,0,0,0,0,15
2011-03-30 00:00:00,11109,5,3,2011,0,0,0,0,0,0,0,20
2011-03-31 00:00:00,11109,6,3,2011,0,0,0,0,0,0,0,23
2011-04-01 00:00:00,11109,7,4,2011,0,0,0,0,1,1,0,15
2011-04-02 00:00:00,11110,1,4,2011,0,0,0,0,1,0,1,30
2011-04-03 00:00:00,11110,2,4,2011,0,0,0,0,1,1,1,37
2011-04-04 00:00:00,11110,3,4,2011,0,0,0,0,1,0,0,21
2011-04-05 00:00:00,11110,4,4,2011,0,0,0,0,1,1,1,18
2011-04-06 00:00:00,11110,5,4,2011,0,0,0,0,1,1,1,17
2011-04-07 00:00:00,11110,6,4,2011,0,0,0,0,1,1,0,22
2011-04-08 00:00:00,11110,7,4,2011,0,0,0,0,1,0,1,34
2011-04-09 00:00:00,11111,1,4,2011,0,0,0,0,1,1,1,34
2011-04-10 00:00:00,11111,2,4,2011,0,0,0,0,1,0,0,34
2011-04-11 00:00:00,11111,3,4,2011,0,0,0,0,0,1,1,59
2011-04-12 00:00:00,11111,4,4,2011,0,0,0,0,0,1,1,29
2011-04-13 00:00:00,11111,5,4,2011,0,0,0,0,0,1,0,22
2011-04-14 00:00:00,11111,6,4,2011,0,0,0,0,0,0,1,27
2011-04-15 00:00:00,11111,7,4,2011,0,0,0,0,0,1,1,27
2011-04-16 00:00:00,11112,1,4,2011,0,0,0,0,0,0,0,34
2011-04-17 00:00:00,11112,2,4,2011,0,0,0,0,0,0,0,28
2011-04-18 00:00:00,11112,3,4,2011,0,0,0,0,0,0,0,26
2011-04-19 00:00:00,11112,4,4,2011,0,0,0,0,0,0,0,0
2011-04-20 00:00:00,11112,5,4,2011,0,0,0,0,0,0,0,0
2011-04-21 00:00:00,11112,6,4,2011,0,0,0,0,0,0,0,0
2011-04-22 00:00:00,11112,7,4,2011,0,0,0,0,0,0,0,0
2011-04-23 00:00:00,11113,1,4,2011,0,0,0,0,0,0,0,0
2011-04-24 00:00:00,11113,2,4,2011,21,3,2,1,0,0,0,0
2011-04-25 00:00:00,11113,3,4,2011,0,0,0,0,0,0,0,0
2011-04-26 00:00:00,11113,4,4,2011,22,3,0,0,0,0,0,0
2011-04-27 00:00:00,11113,5,4,2011,0,0,0,0,0,0,0,0
2011-04-28 00:00:00,11113,6,4,2011,0,0,0,0,0,0,0,0
2011-04-29 00:00:00,11113,7,4,2011,0,0,0,0,0,0,0,0
2011-04-30 00:00:00,11114,1,4,2011,0,0,0,0,0,0,0,0
2011-05-01 00:00:00,11114,2,5,2011,0,0,0,0,1,1,0,0
2011-05-02 00:00:00,11114,3,5,2011,0,0,0,0,1,0,1,0
2011-05-03 00:00:00,11114,4,5,2011,0,0,0,0,1,1,1,0
2011-05-04 00:00:00,11114,5,5,2011,0,0,0,0,1,0,0,0
2011-05-05 00:00:00,11114,6,5,2011,3,1,0,0,1,1,1,0
2011-05-06 00:00:00,11114,7,5,2011,0,0,0,0,1,1,1,0
2011-05-07 00:00:00,11115,1,5,2011,0,0,0,0,1,1,0,0
2011-05-08 00:00:00,11115,2,5,2011,16,1,0,0,1,0,1,0
2011-05-09 00:00:00,11115,3,5,2011,0,0,0,0,1,1,1,0
2011-05-10 00:00:00,11115,4,5,2011,0,0,0,0,1,0,0,0
2011-05-11 00:00:00,11115,5,5,2011,0,0,0,0,0,1,1,0
2011-05-12 00:00:00,11115,6,5,2011,0,0,0,0,0,1,1,0
2011-05-13 00:00:00,11115,7,5,2011,0,0,0,0,0,1,0,0
2011-05-14 00:00:00,11116,1,5,2011,0,0,0,0,0,0,1,0
2011-05-15 00:00:00,11116,2,5,2011,0,0,0,0,0,1,1,0
2011-05-16 00:00:00,11116,3,5,2011,0,0,0,0,0,0,0,0
2011-05-17 00:00:00,11116,4,5,2011,0,0,0,0,0,0,0,0
2011-05-18 00:00:00,11116,5,5,2011,0,0,0,0,0,0,0,0
2011-05-19 00:00:00,11116,6,5,2011,0,0,0,0,0,0,0,0
2011-05-20 00:00:00,11116,7,5,2011,0,0,0,0,0,0,0,0
2011-05-21 00:00:00,11117,1,5,2011,0,0,0,0,0,0,0,0
2011-05-22 00:00:00,11117,2,5,2011,0,0,0,0,0,0,0,0
2011-05-23 00:00:00,11117,3,5,2011,0,0,0,0,0,0,0,0
2011-05-24 00:00:00,11117,4,5,2011,0,0,0,0,0,0,0,0
2011-05-25 00:00:00,11117,5,5,2011,0,0,0,0,0,0,0,0
2011-05-26 00:00:00,11117,6,5,2011,0,0,0,0,0,0,0,0
2011-05-27 00:00:00,11117,7,5,2011,0,0,0,0,0,0,0,0
2011-05-28 00:00:00,11118,1,5,2011,0,0,0,0,0,0,0,0
2011-05-29 00:00:00,11118,2,5,2011,0,0,0,0,0,0,0,0
2011-05-30 00:00:00,11118,3,5,2011,15,2,0,0,0,0,0,0
2011-05-31 00:00:00,11118,4,5,2011,18,4,0,0,0,0,0,0
2011-06-01 00:00:00,11118,5,6,2011,0,0,0,0,1,1,0,0
2011-06-02 00:00:00,11118,6,6,2011,0,0,0,0,1,0,1,0
2011-06-03 00:00:00,11118,7,6,2011,0,0,0,0,1,1,1,0
2011-06-04 00:00:00,11119,1,6,2011,0,0,0,0,1,0,0,0
2011-06-05 00:00:00,11119,2,6,2011,0,0,0,0,1,1,1,0
2011-06-06 00:00:00,11119,3,6,2011,0,0,0,0,1,1,1,0
2011-06-07 00:00:00,11119,4,6,2011,0,0,0,0,1,1,0,0
2011-06-08 00:00:00,11119,5,6,2011,0,0,0,0,1,0,1,0
2011-06-09 00:00:00,11119,6,6,2011,0,0,0,0,1,1,1,0
2011-06-10 00:00:00,11119,7,6,2011,0,0,0,0,1,0,0,0
2011-06-11 00:00:00,11120,1,6,2011,0,0,0,0,0,1,1,0
2011-06-12 00:00:00,11120,2,6,2011,17,4,0,0,0,1,1,0
2011-06-13 00:00:00,11120,3,6,2011,0,0,0,0,0,1,0,0
2011-06-14 00:00:00,11120,4,6,2011,0,0,0,0,0,0,1,0
2011-06-15 00:00:00,11120,5,6,2011,0,0,0,0,0,1,1,0
2011-06-16 00:00:00,11120,6,6,2011,0,0,0,0,0,0,0,0
2011-06-17 00:00:00,11120,7,6,2011,0,0,0,0,0,0,0,0
2011-06-18 00:00:00,11121,1,6,2011,0,0,0,0,0,0,0,0
2011-06-19 00:00:00,11121,2,6,2011,8,1,0,0,0,0,0,0
2011-06-20 00:00:00,11121,3,6,2011,0,0,0,0,0,0,0,0
2011-06-21 00:00:00,11121,4,6,2011,0,0,0,0,0,0,0,0
2011-06-22 00:00:00,11121,5,6,2011,0,0,0,0,0,0,0,0
2011-06-23 00:00:00,11121,6,6,2011,0,0,0,0,0,0,0,0
2011-06-24 00:00:00,11121,7,6,2011,0,0,0,0,0,0,0,0
2011-06-25 00:00:00,11122,1,6,2011,0,0,0,0,0,0,0,0
2011-06-26 00:00:00,11122,2,6,2011,0,0,0,0,0,0,0,0
2011-06-27 00:00:00,11122,3,6,2011,0,0,0,0,0,0,0,0
2011-06-28 00:00:00,11122,4,6,2011,0,0,0,0,0,0,0,0
2011-06-29 00:00:00,11122,5,6,2011,0,0,0,0,0,0,0,0
2011-06-30 00:00:00,11122,6,6,2011,0,0,0,0,0,0,0,0
2011-07-01 00:00:00,11122,7,7,2011,0,0,0,0,1,1,0,0
2011-07-02 00:00:00,11123,1,7,2011,0,0,0,0,1,0,1,0
2011-07-03 00:00:00,11123,2,7,2011,0,0,0,0,1,1,1,0
2011-07-04 00:00:00,11123,3,7,2011,10,2,0,0,1,0,0,0
2011-07-05 00:00:00,11123,4,7,2011,0,0,0,0,1,1,1,0
2011-07-06 00:00:00,11123,5,7,2011,0,0,0,0,1,1,1,0
2011-07-07 00:00:00,11123,6,7,2011,0,0,0,0,1,1,0,0
2011-07-08 00:00:00,11123,7,7,2011,0,0,0,0,1,0,1,0
2011-07-09 00:00:00,11124,1,7,2011,0,0,0,0,1,1,1,0
2011-07-10 00:00:00,11124,2,7,2011,0,0,0,0,1,0,0,0
2011-07-11 00:00:00,11124,3,7,2011,0,0,0,0,0,1,1,0
2011-07-12 00:00:00,11124,4,7,2011,0,0,0,0,0,1,1,0
2011-07-13 00:00:00,11124,5,7,2011,0,0,0,0,0,1,0,0
2011-07-14 00:00:00,11124,6,7,2011,0,0,0,0,0,0,1,0
2011-07-15 00:00:00,11124,7,7,2011,0,0,0,0,0,1,1,0
2011-07-16 00:00:00,11125,1,7,2011,0,0,0,0,0,0,0,0
2011-07-17 00:00:00,11125,2,7,2011,0,0,0,0,0,0,0,0
2011-07-18 00:00:00,11125,3,7,2011,0,0,0,0,0,0,0,0
2011-07-19 00:00:00,11125,4,7,2011,0,0,0,0,0,0,0,0
2011-07-20 00:00:00,11125,5,7,2011,0,0,0,0,0,0,0,0
2011-07-21 00:00:00,11125,6,7,2011,0,0,0,0,0,0,0,0
2011-07-22 00:00:00,11125,7,7,2011,0,0,0,0,0,0,0,0
2011-07-23 00:00:00,11126,1,7,2011,0,0,0,0,0,0,0,0
2011-07-24 00:00:00,11126,2,7,2011,0,0,0,0,0,0,0,0
2011-07-25 00:00:00,11126,3,7,2011,0,0,0,0,0,0,0,0
2011-07-26 00:00:00,11126,4,7,2011,0,0,0,0,0,0,0,0
2011-07-27 00:00:00,11126,5,7,2011,0,0,0,0,0,0,0,0
2011-07-28 00:00:00,11126,6,7,2011,0,0,0,0,0,0,0,0
2011-07-29 00:00:00,11126,7,7,2011,0,0,0,0,0,0,0,0
2011-07-30 00:00:00,11127,1,7,2011,0,0,0,0,0,0,0,0
2011-07-31 00:00:00,11127,2,7,2011,0,0,0,0,0,0,0,0
2011-08-01 00:00:00,11127,3,8,2011,25,3,0,0,1,1,0,0
2011-08-02 00:00:00,11127,4,8,2011,0,0,0,0,1,0,1,0
2011-08-03 00:00:00,11127,5,8,2011,0,0,0,0,1,1,1,0
2011-08-04 00:00:00,11127,6,8,2011,0,0,0,0,1,0,0,0
2011-08-05 00:00:00,11127,7,8,2011,0,0,0,0,1,1,1,0
2011-08-06 00:00:00,11128,1,8,2011,0,0,0,0,1,1,1,0
2011-08-07 00:00:00,11128,2,8,2011,0,0,0,0,1,1,0,0
2011-08-08 00:00:00,11128,3,8,2011,0,0,0,0,1,0,1,0
2011-08-09 00:00:00,11128,4,8,2011,0,0,0,0,1,1,1,0
2011-08-10 00:00:00,11128,5,8,2011,0,0,0,0,1,0,0,12
2011-08-11 00:00:00,11128,6,8,2011,0,0,0,0,0,1,1,36
2011-08-12 00:00:00,11128,7,8,2011,0,0,0,0,0,1,1,79
2011-08-13 00:00:00,11129,1,8,2011,0,0,0,0,0,1,0,75
2011-08-14 00:00:00,11129,2,8,2011,0,0,0,0,0,0,1,69
2011-08-15 00:00:00,11129,3,8,2011,0,0,0,0,0,1,1,41
2011-08-16 00:00:00,11129,4,8,2011,0,0,0,0,0,0,0,38
2011-08-17 00:00:00,11129,5,8,2011,0,0,0,0,0,0,0,31
2011-08-18 00:00:00,11129,6,8,2011,0,0,0,0,0,0,0,28
2011-08-19 00:00:00,11129,7,8,2011,0,0,0,0,0,0,0,34
2011-08-20 00:00:00,11130,1,8,2011,0,0,0,0,0,0,0,32
2011-08-21 00:00:00,11130,2,8,2011,0,0,0,0,0,0,0,40
2011-08-22 00:00:00,11130,3,8,2011,0,0,0,0,0,0,0,25
2011-08-23 00:00:00,11130,4,8,2011,0,0,0,0,0,0,0,27
2011-08-24 00:00:00,11130,5,8,2011,0,0,0,0,0,0,0,23
2011-08-25 00:00:00,11130,6,8,2011,0,0,0,0,0,0,0,28
2011-08-26 00:00:00,11130,7,8,2011,0,0,0,0,0,0,0,32
2011-08-27 00:00:00,11131,1,8,2011,0,0,0,0,0,0,0,55
2011-08-28 00:00:00,11131,2,8,2011,0,0,0,0,0,0,0,49
2011-08-29 00:00:00,11131,3,8,2011,0,0,0,0,0,0,0,29
2011-08-30 00:00:00,11131,4,8,2011,0,0,0,0,0,0,0,24
2011-08-31 00:00:00,11131,5,8,2011,6,3,0,0,0,0,0,24
2011-09-01 00:00:00,11131,6,9,2011,0,0,0,0,1,1,0,30
2011-09-02 00:00:00,11131,7,9,2011,0,0,0,0,1,0,1,23
2011-09-03 00:00:00,11132,1,9,2011,0,0,0,0,1,1,1,24
2011-09-04 00:00:00,11132,2,9,2011,0,0,0,0,1,0,0,29
2011-09-05 00:00:00,11132,3,9,2011,11,2,0,0,1,1,1,47
2011-09-06 00:00:00,11132,4,9,2011,0,0,0,0,1,1,1,35
2011-09-07 00:00:00,11132,5,9,2011,0,0,0,0,1,1,0,16
2011-09-08 00:00:00,11132,6,9,2011,0,0,0,0,1,0,1,10
2011-09-09 00:00:00,11132,7,9,2011,0,0,0,0,1,1,1,42
2011-09-10 00:00:00,11133,1,9,2011,0,0,0,0,1,0,0,40
2011-09-11 00:00:00,11133,2,9,2011,0,0,0,0,0,1,1,29
2011-09-12 00:00:00,11133,3,9,2011,0,0,0,0,0,1,1,25
2011-09-13 00:00:00,11133,4,9,2011,0,0,0,0,0,1,0,28
2011-09-14 00:00:00,11133,5,9,2011,0,0,0,0,0,0,1,23
2011-09-15 00:00:00,11133,6,9,2011,0,0,0,0,0,1,1,22
2011-09-16 00:00:00,11133,7,9,2011,0,0,0,0,0,0,0,34
2011-09-17 00:00:00,11134,1,9,2011,0,0,0,0,0,0,0,53
2011-09-18 00:00:00,11134,2,9,2011,0,0,0,0,0,0,0,41
2011-09-19 00:00:00,11134,3,9,2011,0,0,0,0,0,0,0,23
2011-09-20 00:00:00,11134,4,9,2011,0,0,0,0,0,0,0,19
2011-09-21 00:00:00,11134,5,9,2011,0,0,0,0,0,0,0,16
2011-09-22 00:00:00,11134,6,9,2011,0,0,0,0,0,0,0,26
2011-09-23 00:00:00,11134,7,9,2011,0,0,0,0,0,0,0,36
2011-09-24 00:00:00,11135,1,9,2011,0,0,0,0,0,0,0,38
2011-09-25 00:00:00,11135,2,9,2011,0,0,0,0,0,0,0,37
2011-09-26 00:00:00,11135,3,9,2011,0,0,0,0,0,0,0,17
2011-09-27 00:00:00,11135,4,9,2011,0,0,0,0,0,0,0,35
2011-09-28 00:00:00,11135,5,9,2011,0,0,0,0,0,0,0,24
2011-09-29 00:00:00,11135,6,9,2011,0,0,0,0,0,0,0,37
2011-09-30 00:00:00,11135,7,9,2011,0,0,0,0,0,0,0,34
2011-10-01 00:00:00,11136,1,10,2011,0,0,0,0,1,1,0,40
2011-10-02 00:00:00,11136,2,10,2011,0,0,0,0,1,0,1,36
2011-10-03 00:00:00,11136,3,10,2011,0,0,0,0,1,1,1,40
2011-10-04 00:00:00,11136,4,10,2011,0,0,0,0,1,0,0,17
2011-10-05 00:00:00,11136,5,10,2011,0,0,0,0,1,1,1,24
2011-10-06 00:00:00,11136,6,10,2011,0,0,0,0,1,1,1,25
2011-10-07 00:00:00,11136,7,10,2011,0,0,0,0,1,1,0,33
2011-10-08 00:00:00,11137,1,10,2011,0,0,0,0,1,0,1,23
2011-10-09 00:00:00,11137,2,10,2011,0,0,0,0,1,1,1,38
2011-10-10 00:00:00,11137,3,10,2011,4,2,0,0,1,0,0,41
2011-10-11 00:00:00,11137,4,10,2011,0,0,0,0,0,1,1,23
2011-10-12 00:00:00,11137,5,10,2011,0,0,0,0,0,1,1,34
2011-10-13 00:00:00,11137,6,10,2011,0,0,0,0,0,1,0,27
2011-10-14 00:00:00,11137,7,10,2011,0,0,0,0,0,0,1,29
2011-10-15 00:00:00,11138,1,10,2011,0,0,0,0,0,1,1,53
2011-10-16 00:00:00,11138,2,10,2011,0,0,0,0,0,0,0,35
2011-10-17 00:00:00,11138,3,10,2011,0,0,0,0,0,0,0,29
2011-10-18 00:00:00,11138,4,10,2011,0,0,0,0,0,0,0,32
2011-10-19 00:00:00,11138,5,10,2011,0,0,0,0,0,0,0,24
2011-10-20 00:00:00,11138,6,10,2011,0,0,0,0,0,0,0,33
2011-10-21 00:00:00,11138,7,10,2011,0,0,0,0,0,0,0,32
2011-10-22 00:00:00,11139,1,10,2011,0,0,0,0,0,0,0,0
2011-10-23 00:00:00,11139,2,10,2011,0,0,0,0,0,0,0,41
2011-10-24 00:00:00,11139,3,10,2011,0,0,0,0,0,0,0,26
2011-10-25 00:00:00,11139,4,10,2011,0,0,0,0,0,0,0,15
2011-10-26 00:00:00,11139,5,10,2011,0,0,0,0,0,0,0,28
2011-10-27 00:00:00,11139,6,10,2011,0,0,0,0,0,0,0,22
2011-10-28 00:00:00,11139,7,10,2011,0,0,0,0,0,0,0,25
2011-10-29 00:00:00,11140,1,10,2011,0,0,0,0,0,0,0,36
2011-10-30 00:00:00,11140,2,10,2011,0,0,0,0,0,0,0,43
2011-10-31 00:00:00,11140,3,10,2011,9,1,0,0,0,0,0,27
2011-11-01 00:00:00,11140,4,11,2011,0,0,0,0,1,1,0,34
2011-11-02 00:00:00,11140,5,11,2011,0,0,0,0,1,0,1,16
2011-11-03 00:00:00,11140,6,11,2011,0,0,0,0,1,1,1,28
2011-11-04 00:00:00,11140,7,11,2011,0,0,0,0,1,0,0,37
2011-11-05 00:00:00,11141,1,11,2011,0,0,0,0,1,1,1,48
2011-11-06 00:00:00,11141,2,11,2011,0,0,0,0,1,1,1,41
2011-11-07 00:00:00,11141,3,11,2011,7,3,0,0,1,1,0,30
2011-11-08 00:00:00,11141,4,11,2011,0,0,0,0,1,0,1,20
2011-11-09 00:00:00,11141,5,11,2011,0,0,0,0,1,1,1,32
2011-11-10 00:00:00,11141,6,11,2011,0,0,0,0,1,0,0,25
2011-11-11 00:00:00,11141,7,11,2011,30,2,0,0,0,1,1,26
2011-11-12 00:00:00,11142,1,11,2011,0,0,0,0,0,1,1,51
2011-11-13 00:00:00,11142,2,11,2011,0,0,0,0,0,1,0,45
2011-11-14 00:00:00,11142,3,11,2011,0,0,0,0,0,0,1,12
2011-11-15 00:00:00,11142,4,11,2011,0,0,0,0,0,1,1,16
2011-11-16 00:00:00,11142,5,11,2011,0,0,0,0,0,0,0,28
2011-11-17 00:00:00,11142,6,11,2011,0,0,0,0,0,0,0,18
2011-11-18 00:00:00,11142,7,11,2011,0,0,0,0,0,0,0,37
2011-11-19 00:00:00,11143,1,11,2011,0,0,0,0,0,0,0,33
2011-11-20 00:00:00,11143,2,11,2011,0,0,0,0,0,0,0,32
2011-11-21 00:00:00,11143,3,11,2011,0,0,0,0,0,0,0,47
2011-11-22 00:00:00,11143,4,11,2011,0,0,0,0,0,0,0,42
2011-11-23 00:00:00,11143,5,11,2011,0,0,0,0,0,0,0,79
2011-11-24 00:00:00,11143,6,11,2011,28,2,0,0,0,0,0,60
2011-11-25 00:00:00,11143,7,11,2011,0,0,0,0,0,0,0,21
2011-11-26 00:00:00,11144,1,11,2011,0,0,0,0,0,0,0,23
2011-11-27 00:00:00,11144,2,11,2011,0,0,0,0,0,0,0,37
2011-11-28 00:00:00,11144,3,11,2011,0,0,0,0,0,0,0,27
2011-11-29 00:00:00,11144,4,11,2011,0,0,0,0,0,0,0,16
2011-11-30 00:00:00,11144,5,11,2011,0,0,0,0,0,0,0,16
2011-12-01 00:00:00,11144,6,12,2011,0,0,0,0,1,1,0,44
2011-12-02 00:00:00,11144,7,12,2011,0,0,0,0,1,0,1,19
2011-12-03 00:00:00,11145,1,12,2011,0,0,0,0,1,1,1,27
2011-12-04 00:00:00,11145,2,12,2011,0,0,0,0,1,0,0,20
2011-12-05 00:00:00,11145,3,12,2011,0,0,0,0,1,1,1,25
2011-12-06 00:00:00,11145,4,12,2011,0,0,0,0,1,1,1,31
2011-12-07 00:00:00,11145,5,12,2011,0,0,0,0,1,1,0,25
2011-12-08 00:00:00,11145,6,12,2011,0,0,0,0,1,0,1,17
2011-12-09 00:00:00,11145,7,12,2011,0,0,0,0,1,1,1,29
2011-12-10 00:00:00,11146,1,12,2011,0,0,0,0,1,0,0,21
2011-12-11 00:00:00,11146,2,12,2011,0,0,0,0,0,1,1,46
2011-12-12 00:00:00,11146,3,12,2011,0,0,0,0,0,1,1,32
2011-12-13 00:00:00,11146,4,12,2011,0,0,0,0,0,1,0,33
2011-12-14 00:00:00,11146,5,12,2011,0,0,0,0,0,0,1,42
2011-12-15 00:00:00,11146,6,12,2011,0,0,0,0,0,1,1,34
2011-12-16 00:00:00,11146,7,12,2011,0,0,0,0,0,0,0,21
2011-12-17 00:00:00,11147,1,12,2011,0,0,0,0,0,0,0,31
2011-12-18 00:00:00,11147,2,12,2011,0,0,0,0,0,0,0,37
2011-12-19 00:00:00,11147,3,12,2011,0,0,0,0,0,0,0,37
2011-12-20 00:00:00,11147,4,12,2011,0,0,0,0,0,0,0,31
2011-12-21 00:00:00,11147,5,12,2011,0,0,0,0,0,0,0,26
2011-12-22 00:00:00,11147,6,12,2011,0,0,0,0,0,0,0,26
2011-12-23 00:00:00,11147,7,12,2011,0,0,0,0,0,0,0,54
2011-12-24 00:00:00,11148,1,12,2011,0,0,0,0,0,0,0,82
2011-12-25 00:00:00,11148,2,12,2011,2,2,0,0,0,0,0,0
2011-12-26 00:00:00,11148,3,12,2011,0,0,0,0,0,0,0,29
2011-12-27 00:00:00,11148,4,12,2011,0,0,0,0,0,0,0,19
2011-12-28 00:00:00,11148,5,12,2011,1,3,0,0,0,0,0,20
2011-12-29 00:00:00,11148,6,12,2011,0,0,0,0,0,0,0,25
2011-12-30 00:00:00,11148,7,12,2011,0,0,0,0,0,0,0,32
2011-12-31 00:00:00,11149,1,12,2011,0,0,0,0,0,0,0,33
2012-01-01 00:00:00,11149,2,1,2012,19,2,0,0,1,1,0,25
2012-01-02 00:00:00,11149,3,1,2012,0,0,0,0,1,0,1,12
2012-01-03 00:00:00,11149,4,1,2012,0,0,0,0,1,1,1,24
2012-01-04 00:00:00,11149,5,1,2012,0,0,0,0,1,0,0,27
2012-01-05 00:00:00,11149,6,1,2012,0,0,0,0,1,1,1,29
2012-01-06 00:00:00,11149,7,1,2012,0,0,0,0,1,1,1,32
2012-01-07 00:00:00,11150,1,1,2012,20,3,0,0,1,1,0,41
2012-01-08 00:00:00,11150,2,1,2012,0,0,0,0,1,0,1,23
2012-01-09 00:00:00,11150,3,1,2012,0,0,0,0,1,1,1,28
2012-01-10 00:00:00,11150,4,1,2012,0,0,0,0,1,0,0,24
2012-01-11 00:00:00,11150,5,1,2012,0,0,0,0,0,1,1,22
2012-01-12 00:00:00,11150,6,1,2012,0,0,0,0,0,1,1,41
2012-01-13 00:00:00,11150,7,1,2012,0,0,0,0,0,1,0,37
2012-01-14 00:00:00,11151,1,1,2012,0,0,0,0,0,0,1,31
2012-01-15 00:00:00,11151,2,1,2012,0,0,0,0,0,1,1,31
2012-01-16 00:00:00,11151,3,1,2012,14,2,0,0,0,0,0,18
2012-01-17 00:00:00,11151,4,1,2012,0,0,0,0,0,0,0,21
2012-01-18 00:00:00,11151,5,1,2012,0,0,0,0,0,0,0,25
2012-01-19 00:00:00,11151,6,1,2012,0,0,0,0,0,0,0,22
2012-01-20 00:00:00,11151,7,1,2012,0,0,0,0,0,0,0,27
2012-01-21 00:00:00,11152,1,1,2012,0,0,0,0,0,0,0,26
2012-01-22 00:00:00,11152,2,1,2012,0,0,0,0,0,0,0,27
2012-01-23 00:00:00,11152,3,1,2012,0,0,0,0,0,0,0,30
2012-01-24 00:00:00,11152,4,1,2012,0,0,0,0,0,0,0,19
2012-01-25 00:00:00,11152,5,1,2012,0,0,0,0,0,0,0,43
2012-01-26 00:00:00,11152,6,1,2012,0,0,0,0,0,0,0,23
2012-01-27 00:00:00,11152,7,1,2012,0,0,0,0,0,0,0,23
2012-01-28 00:00:00,11201,1,1,2012,0,0,0,0,0,0,0,24
2012-01-29 00:00:00,11201,2,1,2012,0,0,0,0,0,0,0,47
2012-01-30 00:00:00,11201,3,1,2012,0,0,0,0,0,0,0,23
2012-01-31 00:00:00,11201,4,1,2012,0,0,0,0,0,0,0,10
2012-02-01 00:00:00,11201,5,2,2012,0,0,0,0,1,1,0,25
2012-02-02 00:00:00,11201,6,2,2012,0,0,0,0,1,0,1,27
2012-02-03 00:00:00,11201,7,2,2012,0,0,0,0,1,1,1,30
2012-02-04 00:00:00,11202,1,2,2012,0,0,0,0,1,0,0,36
2012-02-05 00:00:00,11202,2,2,2012,27,4,0,0,1,1,1,42
2012-02-06 00:00:00,11202,3,2,2012,0,0,0,0,1,1,1,39
2012-02-07 00:00:00,11202,4,2,2012,0,0,0,0,1,1,0,44
2012-02-08 00:00:00,11202,5,2,2012,0,0,0,0,1,0,1,19
2012-02-09 00:00:00,11202,6,2,2012,0,0,0,0,1,1,1,20
2012-02-10 00:00:00,11202,7,2,2012,0,0,0,0,1,0,0,26
2012-02-11 00:00:00,11203,1,2,2012,0,0,0,0,0,1,1,25
2012-02-12 00:00:00,11203,2,2,2012,0,0,0,0,0,1,1,32
2012-02-13 00:00:00,11203,3,2,2012,0,0,0,0,0,1,0,18
2012-02-14 00:00:00,11203,4,2,2012,29,1,0,0,0,0,1,37
2012-02-15 00:00:00,11203,5,2,2012,0,0,0,0,0,1,1,8
2012-02-16 00:00:00,11203,6,2,2012,0,0,0,0,0,0,0,0
2012-02-17 00:00:00,11203,7,2,2012,0,0,0,0,0,0,0,0
2012-02-18 00:00:00,11204,1,2,2012,0,0,0,0,0,0,0,0
2012-02-19 00:00:00,11204,2,2,2012,0,0,0,0,0,0,0,0
2012-02-20 00:00:00,11204,3,2,2012,23,2,0,0,0,0,0,0
2012-02-21 00:00:00,11204,4,2,2012,0,0,0,0,0,0,0,7
2012-02-22 00:00:00,11204,5,2,2012,12,3,0,0,0,0,0,25
2012-02-23 00:00:00,11204,6,2,2012,0,0,0,0,0,0,0,35
2012-02-24 00:00:00,11204,7,2,2012,0,0,0,0,0,0,0,23
2012-02-25 00:00:00,11205,1,2,2012,0,0,0,0,0,0,0,37
2012-02-26 00:00:00,11205,2,2,2012,0,0,0,0,0,0,0,68
2012-02-27 00:00:00,11205,3,2,2012,0,0,0,0,0,0,0,40
2012-02-28 00:00:00,11205,4,2,2012,0,0,0,0,0,0,0,40
2012-02-29 00:00:00,11205,5,2,2012,13,3,0,0,0,0,0,8
2012-03-01 00:00:00,11205,6,3,2012,0,0,0,0,1,1,0,35
2012-03-02 00:00:00,11205,7,3,2012,0,0,0,0,1,0,1,35
2012-03-03 00:00:00,11206,1,3,2012,0,0,0,0,1,1,1,38
2012-03-04 00:00:00,11206,2,3,2012,0,0,0,0,1,0,0,42
2012-03-05 00:00:00,11206,3,3,2012,0,0,0,0,1,1,1,32
2012-03-06 00:00:00,11206,4,3,2012,0,0,0,0,1,1,1,35
2012-03-07 00:00:00,11206,5,3,2012,0,0,0,0,1,1,0,31
2012-03-08 00:00:00,11206,6,3,2012,24,3,0,0,1,0,1,41
2012-03-09 00:00:00,11206,7,3,2012,0,0,0,0,1,1,1,21
2012-03-10 00:00:00,11207,1,3,2012,0,0,0,0,1,0,0,45
2012-03-11 00:00:00,11207,2,3,2012,0,0,0,0,0,1,1,98
2012-03-12 00:00:00,11207,3,3,2012,0,0,0,0,0,1,1,34
2012-03-13 00:00:00,11207,4,3,2012,0,0,0,0,0,1,0,32
2012-03-14 00:00:00,11207,5,3,2012,0,0,0,0,0,0,1,30
2012-03-15 00:00:00,11207,6,3,2012,0,0,0,0,0,1,1,35
2012-03-16 00:00:00,11207,7,3,2012,0,0,0,0,0,0,0,43
2012-03-17 00:00:00,11208,1,3,2012,26,1,0,0,0,0,0,48
2012-03-18 00:00:00,11208,2,3,2012,0,0,0,0,0,0,0,91
2012-03-19 00:00:00,11208,3,3,2012,0,0,0,0,0,0,0,24
2012-03-20 00:00:00,11208,4,3,2012,0,0,0,0,0,0,0,18
2012-03-21 00:00:00,11208,5,3,2012,0,0,0,0,0,0,0,36
2012-03-22 00:00:00,11208,6,3,2012,0,0,0,0,0,0,0,14
2012-03-23 00:00:00,11208,7,3,2012,0,0,0,0,0,0,0,28
2012-03-24 00:00:00,11209,1,3,2012,0,0,0,0,0,0,0,31
2012-03-25 00:00:00,11209,2,3,2012,0,0,0,0,0,0,0,45
2012-03-26 00:00:00,11209,3,3,2012,0,0,0,0,0,0,0,35
2012-03-27 00:00:00,11209,4,3,2012,0,0,0,0,0,0,0,14
2012-03-28 00:00:00,11209,5,3,2012,0,0,0,0,0,0,0,14
2012-03-29 00:00:00,11209,6,3,2012,0,0,0,0,0,0,0,18
2012-03-30 00:00:00,11209,7,3,2012,0,0,0,0,0,0,0,25
2012-03-31 00:00:00,11210,1,3,2012,0,0,0,0,0,0,0,33
2012-04-01 00:00:00,11210,2,4,2012,0,0,0,0,1,1,0,52
2012-04-02 00:00:00,11210,3,4,2012,0,0,0,0,1,0,1,18
2012-04-03 00:00:00,11210,4,4,2012,0,0,0,0,1,1,1,17
2012-04-04 00:00:00,11210,5,4,2012,0,0,0,0,1,0,0,20
2012-04-05 00:00:00,11210,6,4,2012,0,0,0,0,1,1,1,21
2012-04-06 00:00:00,11210,7,4,2012,0,0,0,0,1,1,1,29
2012-04-07 00:00:00,11211,1,4,2012,0,0,0,0,1,1,0,67
2012-04-08 00:00:00,11211,2,4,2012,5,1,0,0,1,0,1,28
2012-04-09 00:00:00,11211,3,4,2012,0,0,0,0,1,1,1,13
2012-04-10 00:00:00,11211,4,4,2012,0,0,0,0,1,0,0,15
2012-04-11 00:00:00,11211,5,4,2012,0,0,0,0,0,1,1,25
2012-04-12 00:00:00,11211,6,4,2012,0,0,0,0,0,1,1,28
2012-04-13 00:00:00,11211,7,4,2012,0,0,0,0,0,1,0,29
2012-04-14 00:00:00,11212,1,4,2012,22,3,0,0,0,0,1,24
2012-04-15 00:00:00,11212,2,4,2012,21,3,0,0,0,1,1,26
2012-04-16 00:00:00,11212,3,4,2012,0,0,0,0,0,0,0,24
2012-04-17 00:00:00,11212,4,4,2012,0,0,0,0,0,0,0,20
2012-04-18 00:00:00,11212,5,4,2012,0,0,0,0,0,0,0,11
2012-04-19 00:00:00,11212,6,4,2012,0,0,0,0,0,0,0,15
2012-04-20 00:00:00,11212,7,4,2012,0,0,0,0,0,0,0,38
2012-04-21 00:00:00,11213,1,4,2012,0,0,0,0,0,0,0,27
2012-04-22 00:00:00,11213,2,4,2012,0,0,0,0,0,0,0,29
2012-04-23 00:00:00,11213,3,4,2012,0,0,0,0,0,0,0,21
2012-04-24 00:00:00,11213,4,4,2012,0,0,0,0,0,0,0,18
2012-04-25 00:00:00,11213,5,4,2012,0,0,0,0,0,0,0,94
2012-04-26 00:00:00,11213,6,4,2012,0,0,0,0,0,0,0,30
2012-04-27 00:00:00,11213,7,4,2012,0,0,0,0,0,0,0,36
2012-04-28 00:00:00,11214,1,4,2012,0,0,0,0,0,0,0,18
2012-04-29 00:00:00,11214,2,4,2012,0,0,0,0,0,0,0,20
2012-04-30 00:00:00,11214,3,4,2012,0,0,0,0,0,0,0,11
2012-05-01 00:00:00,11214,4,5,2012,0,0,0,0,1,1,0,23
2012-05-02 00:00:00,11214,5,5,2012,0,0,0,0,1,0,1,14
2012-05-03 00:00:00,11214,6,5,2012,0,0,0,0,1,1,1,28
2012-05-04 00:00:00,11214,7,5,2012,0,0,0,0,1,0,0,18
2012-05-05 00:00:00,11215,1,5,2012,3,1,0,0,1,1,1,24
2012-05-06 00:00:00,11215,2,5,2012,0,0,0,0,1,1,1,26
2012-05-07 00:00:00,11215,3,5,2012,0,0,0,0,1,1,0,22
2012-05-08 00:00:00,11215,4,5,2012,0,0,0,0,1,0,1,26
2012-05-09 00:00:00,11215,5,5,2012,0,0,0,0,1,1,1,14
2012-05-10 00:00:00,11215,6,5,2012,0,0,0,0,1,0,0,13
2012-05-11 00:00:00,11215,7,5,2012,0,0,0,0,0,1,1,33
2012-05-12 00:00:00,11216,1,5,2012,0,0,0,0,0,1,1,51
2012-05-13 00:00:00,11216,2,5,2012,16,1,0,0,0,1,0,35
2012-05-14 00:00:00,11216,3,5,2012,0,0,0,0,0,0,1,12
2012-05-15 00:00:00,11216,4,5,2012,0,0,0,0,0,1,1,9
2012-05-16 00:00:00,11216,5,5,2012,0,0,0,0,0,0,0,17
2012-05-17 00:00:00,11216,6,5,2012,0,0,0,0,0,0,0,12
2012-05-18 00:00:00,11216,7,5,2012,0,0,0,0,0,0,0,15
2012-05-19 00:00:00,11217,1,5,2012,0,0,0,0,0,0,0,19
2012-05-20 00:00:00,11217,2,5,2012,0,0,0,0,0,0,0,27
2012-05-21 00:00:00,11217,3,5,2012,0,0,0,0,0,0,0,9
2012-05-22 00:00:00,11217,4,5,2012,0,0,0,0,0,0,0,31
2012-05-23 00:00:00,11217,5,5,2012,0,0,0,0,0,0,0,16
2012-05-24 00:00:00,11217,6,5,2012,0,0,0,0,0,0,0,13
2012-05-25 00:00:00,11217,7,5,2012,0,0,0,0,0,0,0,32
2012-05-26 00:00:00,11218,1,5,2012,0,0,0,0,0,0,0,31
2012-05-27 00:00:00,11218,2,5,2012,0,0,0,0,0,0,0,19
2012-05-28 00:00:00,11218,3,5,2012,15,2,0,0,0,0,0,18
2012-05-29 00:00:00,11218,4,5,2012,0,0,0,0,0,0,0,15
2012-05-30 00:00:00,11218,5,5,2012,0,0,0,0,0,0,0,30
2012-05-31 00:00:00,11218,6,5,2012,0,0,0,0,0,0,0,27
2012-06-01 00:00:00,11218,7,6,2012,0,0,0,0,1,1,0,32
2012-06-02 00:00:00,11219,1,6,2012,0,0,0,0,1,0,1,23
2012-06-03 00:00:00,11219,2,6,2012,0,0,0,0,1,1,1,36
2012-06-04 00:00:00,11219,3,6,2012,0,0,0,0,1,0,0,24
2012-06-05 00:00:00,11219,4,6,2012,0,0,0,0,1,1,1,28
2012-06-06 00:00:00,11219,5,6,2012,0,0,0,0,1,1,1,17
2012-06-07 00:00:00,11219,6,6,2012,0,0,0,0,1,1,0,22
2012-06-08 00:00:00,11219,7,6,2012,0,0,0,0,1,0,1,28
2012-06-09 00:00:00,11220,1,6,2012,0,0,0,0,1,1,1,41
2012-06-10 00:00:00,11220,2,6,2012,0,0,0,0,1,0,0,27
2012-06-11 00:00:00,11220,3,6,2012,0,0,0,0,0,1,1,19
2012-06-12 00:00:00,11220,4,6,2012,18,4,0,0,0,1,1,20
2012-06-13 00:00:00,11220,5,6,2012,0,0,0,0,0,1,0,34
2012-06-14 00:00:00,11220,6,6,2012,0,0,0,0,0,0,1,26
2012-06-15 00:00:00,11220,7,6,2012,0,0,0,0,0,1,1,36
2012-06-16 00:00:00,11221,1,6,2012,0,0,0,0,0,0,0,48
2012-06-17 00:00:00,11221,2,6,2012,8,1,0,0,0,0,0,28
2012-06-18 00:00:00,11221,3,6,2012,0,0,0,0,0,0,0,8
2012-06-19 00:00:00,11221,4,6,2012,0,0,0,0,0,0,0,22
2012-06-20 00:00:00,11221,5,6,2012,0,0,0,0,0,0,0,11
2012-06-21 00:00:00,11221,6,6,2012,17,4,0,0,0,0,0,31
2012-06-22 00:00:00,11221,7,6,2012,0,0,0,0,0,0,0,22
2012-06-23 00:00:00,11222,1,6,2012,0,0,0,0,0,0,0,28
2012-06-24 00:00:00,11222,2,6,2012,0,0,0,0,0,0,0,22
2012-06-25 00:00:00,11222,3,6,2012,0,0,0,0,0,0,0,34
2012-06-26 00:00:00,11222,4,6,2012,0,0,0,0,0,0,0,24
2012-06-27 00:00:00,11222,5,6,2012,0,0,0,0,0,0,0,15
2012-06-28 00:00:00,11222,6,6,2012,0,0,0,0,0,0,0,22
2012-06-29 00:00:00,11222,7,6,2012,0,0,0,0,0,0,0,19
2012-06-30 00:00:00,11223,1,6,2012,0,0,0,0,0,0,0,36
2012-07-01 00:00:00,11223,2,7,2012,0,0,0,0,1,1,0,34
2012-07-02 00:00:00,11223,3,7,2012,0,0,0,0,1,0,1,20
2012-07-03 00:00:00,11223,4,7,2012,0,0,0,0,1,1,1,17
2012-07-04 00:00:00,11223,5,7,2012,10,2,0,0,1,0,0,37
2012-07-05 00:00:00,11223,6,7,2012,0,0,0,0,1,1,1,7
2012-07-06 00:00:00,11223,7,7,2012,0,0,0,0,1,1,1,40
2012-07-07 00:00:00,11224,1,7,2012,0,0,0,0,1,1,0,34
2012-07-08 00:00:00,11224,2,7,2012,0,0,0,0,1,0,1,25
2012-07-09 00:00:00,11224,3,7,2012,0,0,0,0,1,1,1,26
2012-07-10 00:00:00,11224,4,7,2012,0,0,0,0,1,0,0,33
2012-07-11 00:00:00,11224,5,7,2012,0,0,0,0,0,1,1,27
2012-07-12 00:00:00,11224,6,7,2012,0,0,0,0,0,1,1,25
2012-07-13 00:00:00,11224,7,7,2012,0,0,0,0,0,1,0,50
2012-07-14 00:00:00,11225,1,7,2012,0,0,0,0,0,0,1,26
2012-07-15 00:00:00,11225,2,7,2012,0,0,0,0,0,1,1,33
2012-07-16 00:00:00,11225,3,7,2012,0,0,0,0,0,0,0,22
2012-07-17 00:00:00,11225,4,7,2012,0,0,0,0,0,0,0,12
2012-07-18 00:00:00,11225,5,7,2012,0,0,0,0,0,0,0,17
2012-07-19 00:00:00,11225,6,7,2012,0,0,0,0,0,0,0,21
2012-07-20 00:00:00,11225,7,7,2012,25,3,0,0,0,0,0,32
2012-07-21 00:00:00,11226,1,7,2012,0,0,0,0,0,0,0,29
2012-07-22 00:00:00,11226,2,7,2012,0,0,0,0,0,0,0,31
2012-07-23 00:00:00,11226,3,7,2012,0,0,0,0,0,0,0,19
2012-07-24 00:00:00,11226,4,7,2012,0,0,0,0,0,0,0,22
2012-07-25 00:00:00,11226,5,7,2012,0,0,0,0,0,0,0,20
2012-07-26 00:00:00,11226,6,7,2012,0,0,0,0,0,0,0,19
2012-07-27 00:00:00,11226,7,7,2012,0,0,0,0,0,0,0,34
2012-07-28 00:00:00,11227,1,7,2012,0,0,0,0,0,0,0,45
2012-07-29 00:00:00,11227,2,7,2012,0,0,0,0,0,0,0,33
2012-07-30 00:00:00,11227,3,7,2012,0,0,0,0,0,0,0,13
2012-07-31 00:00:00,11227,4,7,2012,0,0,0,0,0,0,0,24
2012-08-01 00:00:00,11227,5,8,2012,0,0,0,0,1,1,0,21
2012-08-02 00:00:00,11227,6,8,2012,0,0,0,0,1,0,1,31
2012-08-03 00:00:00,11227,7,8,2012,0,0,0,0,1,1,1,37
2012-08-04 00:00:00,11228,1,8,2012,0,0,0,0,1,0,0,32
2012-08-05 00:00:00,11228,2,8,2012,0,0,0,0,1,1,1,28
2012-08-06 00:00:00,11228,3,8,2012,0,0,0,0,1,1,1,30
2012-08-07 00:00:00,11228,4,8,2012,0,0,0,0,1,1,0,23
2012-08-08 00:00:00,11228,5,8,2012,0,0,0,0,1,0,1,28
2012-08-09 00:00:00,11228,6,8,2012,0,0,0,0,1,1,1,28
2012-08-10 00:00:00,11228,7,8,2012,0,0,0,0,1,0,0,29
2012-08-11 00:00:00,11229,1,8,2012,0,0,0,0,0,1,1,35
2012-08-12 00:00:00,11229,2,8,2012,0,0,0,0,0,1,1,37
2012-08-13 00:00:00,11229,3,8,2012,0,0,0,0,0,1,0,23
2012-08-14 00:00:00,11229,4,8,2012,0,0,0,0,0,0,1,17
2012-08-15 00:00:00,11229,5,8,2012,0,0,0,0,0,1,1,22
2012-08-16 00:00:00,11229,6,8,2012,0,0,0,0,0,0,0,14
2012-08-17 00:00:00,11229,7,8,2012,0,0,0,0,0,0,0,18
2012-08-18 00:00:00,11230,1,8,2012,0,0,0,0,0,0,0,33
2012-08-19 00:00:00,11230,2,8,2012,6,3,0,0,0,0,0,28
2012-08-20 00:00:00,11230,3,8,2012,0,0,0,0,0,0,0,30
2012-08-21 00:00:00,11230,4,8,2012,0,0,0,0,0,0,0,21
2012-08-22 00:00:00,11230,5,8,2012,0,0,0,0,0,0,0,12
2012-08-23 00:00:00,11230,6,8,2012,0,0,0,0,0,0,0,13
2012-08-24 00:00:00,11230,7,8,2012,0,0,0,0,0,0,0,29
2012-08-25 00:00:00,11231,1,8,2012,0,0,0,0,0,0,0,22
2012-08-26 00:00:00,11231,2,8,2012,0,0,0,0,0,0,0,29
2012-08-27 00:00:00,11231,3,8,2012,0,0,0,0,0,0,0,15
2012-08-28 00:00:00,11231,4,8,2012,0,0,0,0,0,0,0,19
2012-08-29 00:00:00,11231,5,8,2012,0,0,0,0,0,0,0,19
2012-08-30 00:00:00,11231,6,8,2012,0,0,0,0,0,0,0,16
2012-08-31 00:00:00,11231,7,8,2012,0,0,0,0,0,0,0,25
2012-09-01 00:00:00,11232,1,9,2012,0,0,0,0,1,1,0,33
2012-09-02 00:00:00,11232,2,9,2012,0,0,0,0,1,0,1,45
2012-09-03 00:00:00,11232,3,9,2012,11,2,0,0,1,1,1,34
2012-09-04 00:00:00,11232,4,9,2012,0,0,0,0,1,0,0,16
2012-09-05 00:00:00,11232,5,9,2012,0,0,0,0,1,1,1,23
2012-09-06 00:00:00,11232,6,9,2012,0,0,0,0,1,1,1,18
2012-09-07 00:00:00,11232,7,9,2012,0,0,0,0,1,1,0,24
2012-09-08 00:00:00,11233,1,9,2012,0,0,0,0,1,0,1,36
2012-09-09 00:00:00,11233,2,9,2012,0,0,0,0,1,1,1,47
2012-09-10 00:00:00,11233,3,9,2012,0,0,0,0,1,0,0,18
2012-09-11 00:00:00,11233,4,9,2012,0,0,0,0,0,1,1,26
2012-09-12 00:00:00,11233,5,9,2012,0,0,0,0,0,1,1,19
2012-09-13 00:00:00,11233,6,9,2012,0,0,0,0,0,1,0,22
2012-09-14 00:00:00,11233,7,9,2012,0,0,0,0,0,0,1,5
2012-09-15 00:00:00,11234,1,9,2012,0,0,0,0,0,1,1,27
2012-09-16 00:00:00,11234,2,9,2012,0,0,0,0,0,0,0,41
2012-09-17 00:00:00,11234,3,9,2012,0,0,0,0,0,0,0,41
2012-09-18 00:00:00,11234,4,9,2012,0,0,0,0,0,0,0,23
2012-09-19 00:00:00,11234,5,9,2012,0,0,0,0,0,0,0,21
2012-09-20 00:00:00,11234,6,9,2012,0,0,0,0,0,0,0,26
2012-09-21 00:00:00,11234,7,9,2012,0,0,0,0,0,0,0,24
2012-09-22 00:00:00,11235,1,9,2012,0,0,0,0,0,0,0,31
2012-09-23 00:00:00,11235,2,9,2012,0,0,0,0,0,0,0,21
2012-09-24 00:00:00,11235,3,9,2012,0,0,0,0,0,0,0,22
2012-09-25 00:00:00,11235,4,9,2012,0,0,0,0,0,0,0,19
2012-09-26 00:00:00,11235,5,9,2012,0,0,0,0,0,0,0,22
2012-09-27 00:00:00,11235,6,9,2012,0,0,0,0,0,0,0,25
2012-09-28 00:00:00,11235,7,9,2012,0,0,0,0,0,0,0,33
2012-09-29 00:00:00,11236,1,9,2012,0,0,0,0,0,0,0,29
2012-09-30 00:00:00,11236,2,9,2012,0,0,0,0,0,0,0,29
2012-10-01 00:00:00,11236,3,10,2012,0,0,0,0,1,1,0,20
2012-10-02 00:00:00,11236,4,10,2012,0,0,0,0,1,0,1,17
2012-10-03 00:00:00,11236,5,10,2012,0,0,0,0,1,1,1,22
2012-10-04 00:00:00,11236,6,10,2012,0,0,0,0,1,0,0,32
2012-10-05 00:00:00,11236,7,10,2012,0,0,0,0,1,1,1,22
2012-10-06 00:00:00,11237,1,10,2012,0,0,0,0,1,1,1,33
2012-10-07 00:00:00,11237,2,10,2012,0,0,0,0,1,1,0,39
2012-10-08 00:00:00,11237,3,10,2012,4,2,0,0,1,0,1,23
2012-10-09 00:00:00,11237,4,10,2012,0,0,0,0,1,1,1,26
2012-10-10 00:00:00,11237,5,10,2012,0,0,0,0,1,0,0,12
2012-10-11 00:00:00,11237,6,10,2012,0,0,0,0,0,1,1,24
2012-10-12 00:00:00,11237,7,10,2012,0,0,0,0,0,1,1,26
2012-10-13 00:00:00,11238,1,10,2012,0,0,0,0,0,1,0,38
2012-10-14 00:00:00,11238,2,10,2012,0,0,0,0,0,0,1,42
2012-10-15 00:00:00,11238,3,10,2012,0,0,0,0,0,1,1,24
2012-10-16 00:00:00,11238,4,10,2012,0,0,0,0,0,0,0,16
2012-10-17 00:00:00,11238,5,10,2012,0,0,0,0,0,0,0,24
2012-10-18 00:00:00,11238,6,10,2012,0,0,0,0,0,0,0,25
2012-10-19 00:00:00,11238,7,10,2012,0,0,0,0,0,0,0,16
2012-10-20 00:00:00,11239,1,10,2012,0,0,0,0,0,0,0,28
2012-10-21 00:00:00,11239,2,10,2012,0,0,0,0,0,0,0,33
2012-10-22 00:00:00,11239,3,10,2012,0,0,0,0,0,0,0,21
2012-10-23 00:00:00,11239,4,10,2012,0,0,0,0,0,0,0,17
2012-10-24 00:00:00,11239,5,10,2012,0,0,0,0,0,0,0,20
2012-10-25 00:00:00,11239,6,10,2012,0,0,0,0,0,0,0,26
2012-10-26 00:00:00,11239,7,10,2012,7,3,0,0,0,0,0,12
2012-10-27 00:00:00,11240,1,10,2012,0,0,0,0,0,0,0,27
2012-10-28 00:00:00,11240,2,10,2012,0,0,0,0,0,0,0,25
2012-10-29 00:00:00,11240,3,10,2012,0,0,0,0,0,0,0,19
2012-10-30 00:00:00,11240,4,10,2012,0,0,0,0,0,0,0,23
2012-10-31 00:00:00,11240,5,10,2012,9,1,0,0,0,0,0,27
2012-11-01 00:00:00,11240,6,11,2012,0,0,0,0,1,1,0,27
2012-11-02 00:00:00,11240,7,11,2012,0,0,0,0,1,0,1,30
2012-11-03 00:00:00,11241,1,11,2012,0,0,0,0,1,1,1,33
2012-11-04 00:00:00,11241,2,11,2012,0,0,0,0,1,0,0,73
2012-11-05 00:00:00,11241,3,11,2012,0,0,0,0,1,1,1,27
2012-11-06 00:00:00,11241,4,11,2012,0,0,0,0,1,1,1,27
2012-11-07 00:00:00,11241,5,11,2012,0,0,0,0,1,1,0,17
2012-11-08 00:00:00,11241,6,11,2012,0,0,0,0,1,0,1,31
2012-11-09 00:00:00,11241,7,11,2012,0,0,0,0,1,1,1,30
2012-11-10 00:00:00,11242,1,11,2012,0,0,0,0,1,0,0,29
2012-11-11 00:00:00,11242,2,11,2012,30,2,0,0,0,1,1,47
2012-11-12 00:00:00,11242,3,11,2012,0,0,0,0,0,1,1,14
2012-11-13 00:00:00,11242,4,11,2012,0,0,0,0,0,1,0,21
2012-11-14 00:00:00,11242,5,11,2012,0,0,0,0,0,0,1,19
2012-11-15 00:00:00,11242,6,11,2012,0,0,0,0,0,1,1,23
2012-11-16 00:00:00,11242,7,11,2012,0,0,0,0,0,0,0,36
2012-11-17 00:00:00,11243,1,11,2012,0,0,0,0,0,0,0,35
2012-11-18 00:00:00,11243,2,11,2012,0,0,0,0,0,0,0,19
2012-11-19 00:00:00,11243,3,11,2012,0,0,0,0,0,0,0,25
2012-11-20 00:00:00,11243,4,11,2012,0,0,0,0,0,0,0,55
2012-11-21 00:00:00,11243,5,11,2012,0,0,0,0,0,0,0,67
2012-11-22 00:00:00,11243,6,11,2012,28,2,0,0,0,0,0,25
2012-11-23 00:00:00,11243,7,11,2012,0,0,0,0,0,0,0,1
2012-11-24 00:00:00,11244,1,11,2012,0,0,0,0,0,0,0,33
2012-11-25 00:00:00,11244,2,11,2012,0,0,0,0,0,0,0,30
2012-11-26 00:00:00,11244,3,11,2012,0,0,0,0,0,0,0,20
2012-11-27 00:00:00,11244,4,11,2012,0,0,0,0,0,0,0,23
2012-11-28 00:00:00,11244,5,11,2012,0,0,0,0,0,0,0,13
2012-11-29 00:00:00,11244,6,11,2012,0,0,0,0,0,0,0,30
2012-11-30 00:00:00,11244,7,11,2012,0,0,0,0,0,0,0,19
2012-12-01 00:00:00,11245,1,12,2012,0,0,0,0,1,1,0,31
2012-12-02 00:00:00,11245,2,12,2012,0,0,0,0,1,0,1,37
2012-12-03 00:00:00,11245,3,12,2012,0,0,0,0,1,1,1,16
2012-12-04 00:00:00,11245,4,12,2012,0,0,0,0,1,0,0,25
2012-12-05 00:00:00,11245,5,12,2012,0,0,0,0,1,1,1,21
2012-12-06 00:00:00,11245,6,12,2012,0,0,0,0,1,1,1,25
2012-12-07 00:00:00,11245,7,12,2012,0,0,0,0,1,1,0,23
2012-12-08 00:00:00,11246,1,12,2012,0,0,0,0,1,0,1,32
2012-12-09 00:00:00,11246,2,12,2012,0,0,0,0,1,1,1,28
2012-12-10 00:00:00,11246,3,12,2012,0,0,0,0,1,0,0,22
2012-12-11 00:00:00,11246,4,12,2012,0,0,0,0,0,1,1,24
2012-12-12 00:00:00,11246,5,12,2012,0,0,0,0,0,1,1,23
2012-12-13 00:00:00,11246,6,12,2012,0,0,0,0,0,1,0,25
2012-12-14 00:00:00,11246,7,12,2012,0,0,0,0,0,0,1,29
2012-12-15 00:00:00,11247,1,12,2012,0,0,0,0,0,1,1,23
2012-12-16 00:00:00,11247,2,12,2012,1,3,0,0,0,0,0,26
2012-12-17 00:00:00,11247,3,12,2012,0,0,0,0,0,0,0,18
2012-12-18 00:00:00,11247,4,12,2012,0,0,0,0,0,0,0,22
2012-12-19 00:00:00,11247,5,12,2012,0,0,0,0,0,0,0,14
2012-12-20 00:00:00,11247,6,12,2012,0,0,0,0,0,0,0,23
2012-12-21 00:00:00,11247,7,12,2012,0,0,0,0,0,0,0,35
2012-12-22 00:00:00,11248,1,12,2012,0,0,0,0,0,0,0,23
2012-12-23 00:00:00,11248,2,12,2012,0,0,0,0,0,0,0,46
2012-12-24 00:00:00,11248,3,12,2012,0,0,0,0,0,0,0,46
2012-12-25 00:00:00,11248,4,12,2012,2,2,0,0,0,0,0,0
2012-12-26 00:00:00,11248,5,12,2012,0,0,0,0,0,0,0,35
2012-12-27 00:00:00,11248,6,12,2012,0,0,0,0,0,0,0,20
2012-12-28 00:00:00,11248,7,12,2012,0,0,0,0,0,0,0,20
2012-12-29 00:00:00,11249,1,12,2012,0,0,0,0,0,0,0,32
2012-12-30 00:00:00,11249,2,12,2012,0,0,0,0,0,0,0,32
2012-12-31 00:00:00,11249,3,12,2012,0,0,0,0,0,0,0,52
2013-01-01 00:00:00,11249,4,1,2013,19,2,0,0,1,1,0,22
2013-01-02 00:00:00,11249,5,1,2013,0,0,0,0,1,0,1,24
2013-01-03 00:00:00,11249,6,1,2013,0,0,0,0,1,1,1,22
2013-01-04 00:00:00,11249,7,1,2013,0,0,0,0,1,0,0,10
2013-01-05 00:00:00,11250,1,1,2013,0,0,0,0,1,1,1,23
2013-01-06 00:00:00,11250,2,1,2013,0,0,0,0,1,1,1,34
2013-01-07 00:00:00,11250,3,1,2013,20,3,0,0,1,1,0,17
2013-01-08 00:00:00,11250,4,1,2013,0,0,0,0,1,0,1,21
2013-01-09 00:00:00,11250,5,1,2013,0,0,0,0,1,1,1,15
2013-01-10 00:00:00,11250,6,1,2013,0,0,0,0,1,0,0,19
2013-01-11 00:00:00,11250,7,1,2013,0,0,0,0,0,1,1,21
2013-01-12 00:00:00,11251,1,1,2013,0,0,0,0,0,1,1,37
2013-01-13 00:00:00,11251,2,1,2013,0,0,0,0,0,1,0,46
2013-01-14 00:00:00,11251,3,1,2013,0,0,0,0,0,0,1,17
2013-01-15 00:00:00,11251,4,1,2013,0,0,0,0,0,1,1,24
2013-01-16 00:00:00,11251,5,1,2013,0,0,0,0,0,0,0,16
2013-01-17 00:00:00,11251,6,1,2013,0,0,0,0,0,0,0,17
2013-01-18 00:00:00,11251,7,1,2013,0,0,0,0,0,0,0,25
2013-01-19 00:00:00,11252,1,1,2013,0,0,0,0,0,0,0,30
2013-01-20 00:00:00,11252,2,1,2013,0,0,0,0,0,0,0,34
2013-01-21 00:00:00,11252,3,1,2013,14,2,0,0,0,0,0,26
2013-01-22 00:00:00,11252,4,1,2013,0,0,0,0,0,0,0,21
2013-01-23 00:00:00,11252,5,1,2013,0,0,0,0,0,0,0,14
2013-01-24 00:00:00,11252,6,1,2013,0,0,0,0,0,0,0,25
2013-01-25 00:00:00,11252,7,1,2013,0,0,0,0,0,0,0,17
2013-01-26 00:00:00,11301,1,1,2013,0,0,0,0,0,0,0,38
2013-01-27 00:00:00,11301,2,1,2013,0,0,0,0,0,0,0,18
2013-01-28 00:00:00,11301,3,1,2013,0,0,0,0,0,0,0,20
2013-01-29 00:00:00,11301,4,1,2013,0,0,0,0,0,0,0,19
2013-01-30 00:00:00,11301,5,1,2013,0,0,0,0,0,0,0,8
2013-01-31 00:00:00,11301,6,1,2013,0,0,0,0,0,0,0,6
2013-02-01 00:00:00,11301,7,2,2013,0,0,0,0,1,1,0,0
2013-02-02 00:00:00,11302,1,2,2013,0,0,0,0,1,0,1,41
2013-02-03 00:00:00,11302,2,2,2013,27,4,0,0,1,1,1,52
2013-02-04 00:00:00,11302,3,2,2013,0,0,0,0,1,0,0,27
2013-02-05 00:00:00,11302,4,2,2013,0,0,0,0,1,1,1,19
2013-02-06 00:00:00,11302,5,2,2013,0,0,0,0,1,1,1,16
2013-02-07 00:00:00,11302,6,2,2013,0,0,0,0,1,1,0,17
2013-02-08 00:00:00,11302,7,2,2013,0,0,0,0,1,0,1,19
2013-02-09 00:00:00,11303,1,2,2013,0,0,0,0,1,1,1,24
2013-02-10 00:00:00,11303,2,2,2013,0,0,0,0,1,0,0,22
2013-02-11 00:00:00,11303,3,2,2013,0,0,0,0,0,1,1,15
2013-02-12 00:00:00,11303,4,2,2013,0,0,0,0,0,1,1,16
2013-02-13 00:00:00,11303,5,2,2013,12,3,0,0,0,1,0,10
2013-02-14 00:00:00,11303,6,2,2013,29,1,0,0,0,0,1,12
2013-02-15 00:00:00,11303,7,2,2013,0,0,0,0,0,1,1,27
2013-02-16 00:00:00,11304,1,2,2013,0,0,0,0,0,0,0,21
2013-02-17 00:00:00,11304,2,2,2013,0,0,0,0,0,0,0,25
2013-02-18 00:00:00,11304,3,2,2013,23,2,0,0,0,0,0,29
2013-02-19 00:00:00,11304,4,2,2013,0,0,0,0,0,0,0,21
2013-02-20 00:00:00,11304,5,2,2013,13,3,0,0,0,0,0,28
2013-02-21 00:00:00,11304,6,2,2013,0,0,0,0,0,0,0,19
2013-02-22 00:00:00,11304,7,2,2013,0,0,0,0,0,0,0,16
2013-02-23 00:00:00,11305,1,2,2013,0,0,0,0,0,0,0,20
2013-02-24 00:00:00,11305,2,2,2013,24,3,0,0,0,0,0,15
2013-02-25 00:00:00,11305,3,2,2013,0,0,0,0,0,0,0,16
2013-02-26 00:00:00,11305,4,2,2013,0,0,0,0,0,0,0,14
2013-02-27 00:00:00,11305,5,2,2013,0,0,0,0,0,0,0,12
2013-02-28 00:00:00,11305,6,2,2013,0,0,0,0,0,0,0,14
2013-03-01 00:00:00,11305,7,3,2013,0,0,0,0,1,1,0,27
2013-03-02 00:00:00,11306,1,3,2013,0,0,0,0,1,0,1,26
2013-03-03 00:00:00,11306,2,3,2013,0,0,0,0,1,1,1,23
2013-03-04 00:00:00,11306,3,3,2013,0,0,0,0,1,0,0,26
2013-03-05 00:00:00,11306,4,3,2013,0,0,0,0,1,1,1,18
2013-03-06 00:00:00,11306,5,3,2013,0,0,0,0,1,1,1,24
2013-03-07 00:00:00,11306,6,3,2013,0,0,0,0,1,1,0,10
2013-03-08 00:00:00,11306,7,3,2013,0,0,0,0,1,0,1,25
2013-03-09 00:00:00,11307,1,3,2013,0,0,0,0,1,1,1,16
2013-03-10 00:00:00,11307,2,3,2013,0,0,0,0,1,0,0,17
2013-03-11 00:00:00,11307,3,3,2013,0,0,0,0,0,1,1,30
2013-03-12 00:00:00,11307,4,3,2013,0,0,0,0,0,1,1,26
2013-03-13 00:00:00,11307,5,3,2013,0,0,0,0,0,1,0,18
2013-03-14 00:00:00,11307,6,3,2013,0,0,0,0,0,0,1,21
2013-03-15 00:00:00,11307,7,3,2013,0,0,0,0,0,1,1,24
2013-03-16 00:00:00,11308,1,3,2013,0,0,0,0,0,0,0,18
2013-03-17 00:00:00,11308,2,3,2013,26,1,0,0,0,0,0,10
2013-03-18 00:00:00,11308,3,3,2013,0,0,0,0,0,0,0,18
2013-03-19 00:00:00,11308,4,3,2013,0,0,0,0,0,0,0,27
2013-03-20 00:00:00,11308,5,3,2013,0,0,0,0,0,0,0,18
2013-03-21 00:00:00,11308,6,3,2013,0,0,0,0,0,0,0,16
2013-03-22 00:00:00,11308,7,3,2013,0,0,0,0,0,0,0,29
2013-03-23 00:00:00,11309,1,3,2013,0,0,0,0,0,0,0,30
2013-03-24 00:00:00,11309,2,3,2013,0,0,0,0,0,0,0,31
2013-03-25 00:00:00,11309,3,3,2013,0,0,0,0,0,0,0,22
2013-03-26 00:00:00,11309,4,3,2013,0,0,0,0,0,0,0,16
2013-03-27 00:00:00,11309,5,3,2013,0,0,0,0,0,0,0,14
2013-03-28 00:00:00,11309,6,3,2013,0,0,0,0,0,0,0,32
2013-03-29 00:00:00,11309,7,3,2013,0,0,0,0,0,0,0,30
2013-03-30 00:00:00,11310,1,3,2013,0,0,0,0,0,0,0,21
2013-03-31 00:00:00,11310,2,3,2013,5,1,0,0,0,0,0,37
2013-04-01 00:00:00,11310,3,4,2013,0,0,0,0,1,1,0,16
2013-04-02 00:00:00,11310,4,4,2013,22,3,0,0,1,0,1,13
2013-04-03 00:00:00,11310,5,4,2013,0,0,0,0,1,1,1,22
2013-04-04 00:00:00,11310,6,4,2013,0,0,0,0,1,0,0,18
2013-04-05 00:00:00,11310,7,4,2013,0,0,0,0,1,1,1,23
2013-04-06 00:00:00,11311,1,4,2013,0,0,0,0,1,1,1,28
2013-04-07 00:00:00,11311,2,4,2013,0,0,0,0,1,1,0,22
2013-04-08 00:00:00,11311,3,4,2013,0,0,0,0,1,0,1,11
2013-04-09 00:00:00,11311,4,4,2013,0,0,0,0,1,1,1,13
2013-04-10 00:00:00,11311,5,4,2013,0,0,0,0,1,0,0,16
2013-04-11 00:00:00,11311,6,4,2013,0,0,0,0,0,1,1,6
2013-04-12 00:00:00,11311,7,4,2013,0,0,0,0,0,1,1,12
2013-04-13 00:00:00,11312,1,4,2013,0,0,0,0,0,1,0,17
2013-04-14 00:00:00,11312,2,4,2013,0,0,0,0,0,0,1,16
2013-04-15 00:00:00,11312,3,4,2013,0,0,0,0,0,1,1,25
2013-04-16 00:00:00,11312,4,4,2013,0,0,0,0,0,0,0,15
2013-04-17 00:00:00,11312,5,4,2013,0,0,0,0,0,0,0,14
2013-04-18 00:00:00,11312,6,4,2013,0,0,0,0,0,0,0,16
2013-04-19 00:00:00,11312,7,4,2013,0,0,0,0,0,0,0,24
2013-04-20 00:00:00,11313,1,4,2013,0,0,0,0,0,0,0,16
2013-04-21 00:00:00,11313,2,4,2013,0,0,0,0,0,0,0,13
2013-04-22 00:00:00,11313,3,4,2013,0,0,0,0,0,0,0,24
2013-04-23 00:00:00,11313,4,4,2013,0,0,0,0,0,0,0,13
2013-04-24 00:00:00,11313,5,4,2013,0,0,0,0,0,0,0,12
2013-04-25 00:00:00,11313,6,4,2013,0,0,0,0,0,0,0,23
2013-04-26 00:00:00,11313,7,4,2013,0,0,0,0,0,0,0,27
2013-04-27 00:00:00,11314,1,4,2013,0,0,0,0,0,0,0,13
2013-04-28 00:00:00,11314,2,4,2013,0,0,0,0,0,0,0,23
2013-04-29 00:00:00,11314,3,4,2013,0,0,0,0,0,0,0,17
2013-04-30 00:00:00,11314,4,4,2013,0,0,0,0,0,0,0,26
2013-05-01 00:00:00,11314,5,5,2013,0,0,0,0,1,1,0,13
2013-05-02 00:00:00,11314,6,5,2013,0,0,0,0,1,0,1,12
2013-05-03 00:00:00,11314,7,5,2013,0,0,0,0,1,1,1,24
2013-05-04 00:00:00,11315,1,5,2013,0,0,0,0,1,0,0,26
2013-05-05 00:00:00,11315,2,5,2013,21,3,1,1,1,1,1,20
2013-05-06 00:00:00,11315,3,5,2013,0,0,0,0,1,1,1,6
2013-05-07 00:00:00,11315,4,5,2013,0,0,0,0,1,1,0,21
2013-05-08 00:00:00,11315,5,5,2013,0,0,0,0,1,0,1,8
2013-05-09 00:00:00,11315,6,5,2013,0,0,0,0,1,1,1,14
2013-05-10 00:00:00,11315,7,5,2013,0,0,0,0,1,0,0,26
2013-05-11 00:00:00,11316,1,5,2013,0,0,0,0,0,1,1,31
2013-05-12 00:00:00,11316,2,5,2013,16,1,0,0,0,1,1,33
2013-05-13 00:00:00,11316,3,5,2013,0,0,0,0,0,1,0,10
2013-05-14 00:00:00,11316,4,5,2013,0,0,0,0,0,0,1,17
2013-05-15 00:00:00,11316,5,5,2013,0,0,0,0,0,1,1,18
2013-05-16 00:00:00,11316,6,5,2013,0,0,0,0,0,0,0,7
2013-05-17 00:00:00,11316,7,5,2013,0,0,0,0,0,0,0,16
2013-05-18 00:00:00,11317,1,5,2013,0,0,0,0,0,0,0,27
2013-05-19 00:00:00,11317,2,5,2013,0,0,0,0,0,0,0,24
2013-05-20 00:00:00,11317,3,5,2013,0,0,0,0,0,0,0,12
2013-05-21 00:00:00,11317,4,5,2013,0,0,0,0,0,0,0,7
2013-05-22 00:00:00,11317,5,5,2013,0,0,0,0,0,0,0,18
2013-05-23 00:00:00,11317,6,5,2013,0,0,0,0,0,0,0,12
2013-05-24 00:00:00,11317,7,5,2013,0,0,0,0,0,0,0,13
2013-05-25 00:00:00,11318,1,5,2013,0,0,0,0,0,0,0,23
2013-05-26 00:00:00,11318,2,5,2013,0,0,0,0,0,0,0,29
2013-05-27 00:00:00,11318,3,5,2013,15,2,0,0,0,0,0,16
2013-05-28 00:00:00,11318,4,5,2013,0,0,0,0,0,0,0,18
2013-05-29 00:00:00,11318,5,5,2013,0,0,0,0,0,0,0,12
2013-05-30 00:00:00,11318,6,5,2013,0,0,0,0,0,0,0,8
2013-05-31 00:00:00,11318,7,5,2013,0,0,0,0,0,0,0,25
2013-06-01 00:00:00,11319,1,6,2013,0,0,0,0,1,1,0,14
2013-06-02 00:00:00,11319,2,6,2013,0,0,0,0,1,0,1,29
2013-06-03 00:00:00,11319,3,6,2013,0,0,0,0,1,1,1,24
2013-06-04 00:00:00,11319,4,6,2013,0,0,0,0,1,0,0,12
2013-06-05 00:00:00,11319,5,6,2013,0,0,0,0,1,1,1,15
2013-06-06 00:00:00,11319,6,6,2013,18,4,0,0,1,1,1,17
2013-06-07 00:00:00,11319,7,6,2013,0,0,0,0,1,1,0,24
2013-06-08 00:00:00,11320,1,6,2013,0,0,0,0,1,0,1,27
2013-06-09 00:00:00,11320,2,6,2013,0,0,0,0,1,1,1,30
2013-06-10 00:00:00,11320,3,6,2013,0,0,0,0,1,0,0,10
2013-06-11 00:00:00,11320,4,6,2013,0,0,0,0,0,1,1,20
2013-06-12 00:00:00,11320,5,6,2013,0,0,0,0,0,1,1,13
2013-06-13 00:00:00,11320,6,6,2013,0,0,0,0,0,1,0,17
2013-06-14 00:00:00,11320,7,6,2013,0,0,0,0,0,0,1,11
2013-06-15 00:00:00,11321,1,6,2013,0,0,0,0,0,1,1,30
2013-06-16 00:00:00,11321,2,6,2013,8,1,0,0,0,0,0,37
2013-06-17 00:00:00,11321,3,6,2013,0,0,0,0,0,0,0,18
2013-06-18 00:00:00,11321,4,6,2013,0,0,0,0,0,0,0,13
2013-06-19 00:00:00,11321,5,6,2013,0,0,0,0,0,0,0,17
2013-06-20 00:00:00,11321,6,6,2013,17,4,0,0,0,0,0,14
2013-06-21 00:00:00,11321,7,6,2013,0,0,0,0,0,0,0,13
2013-06-22 00:00:00,11322,1,6,2013,0,0,0,0,0,0,0,17
2013-06-23 00:00:00,11322,2,6,2013,0,0,0,0,0,0,0,38
2013-06-24 00:00:00,11322,3,6,2013,0,0,0,0,0,0,0,24
2013-06-25 00:00:00,11322,4,6,2013,0,0,0,0,0,0,0,22
2013-06-26 00:00:00,11322,5,6,2013,0,0,0,0,0,0,0,12
2013-06-27 00:00:00,11322,6,6,2013,0,0,0,0,0,0,0,11
2013-06-28 00:00:00,11322,7,6,2013,0,0,0,0,0,0,0,45
2013-06-29 00:00:00,11323,1,6,2013,0,0,0,0,0,0,0,26
2013-06-30 00:00:00,11323,2,6,2013,0,0,0,0,0,0,0,20
2013-07-01 00:00:00,11323,3,7,2013,0,0,0,0,1,1,0,32
2013-07-02 00:00:00,11323,4,7,2013,0,0,0,0,1,0,1,27
2013-07-03 00:00:00,11323,5,7,2013,0,0,0,0,1,1,1,16
2013-07-04 00:00:00,11323,6,7,2013,10,2,0,0,1,0,0,40
2013-07-05 00:00:00,11323,7,7,2013,0,0,0,0,1,1,1,23
2013-07-06 00:00:00,11324,1,7,2013,0,0,0,0,1,1,1,26
2013-07-07 00:00:00,11324,2,7,2013,0,0,0,0,1,1,0,33
2013-07-08 00:00:00,11324,3,7,2013,0,0,0,0,1,0,1,18
2013-07-09 00:00:00,11324,4,7,2013,25,3,0,0,1,1,1,17
2013-07-10 00:00:00,11324,5,7,2013,0,0,0,0,1,0,0,25
2013-07-11 00:00:00,11324,6,7,2013,0,0,0,0,0,1,1,20
2013-07-12 00:00:00,11324,7,7,2013,0,0,0,0,0,1,1,31
2013-07-13 00:00:00,11325,1,7,2013,0,0,0,0,0,1,0,19
2013-07-14 00:00:00,11325,2,7,2013,0,0,0,0,0,0,1,27
2013-07-15 00:00:00,11325,3,7,2013,0,0,0,0,0,1,1,24
2013-07-16 00:00:00,11325,4,7,2013,0,0,0,0,0,0,0,19
2013-07-17 00:00:00,11325,5,7,2013,0,0,0,0,0,0,0,24
2013-07-18 00:00:00,11325,6,7,2013,0,0,0,0,0,0,0,19
2013-07-19 00:00:00,11325,7,7,2013,0,0,0,0,0,0,0,24
2013-07-20 00:00:00,11326,1,7,2013,0,0,0,0,0,0,0,0
2013-07-21 00:00:00,11326,2,7,2013,0,0,0,0,0,0,0,0
2013-07-22 00:00:00,11326,3,7,2013,0,0,0,0,0,0,0,0
2013-07-23 00:00:00,11326,4,7,2013,0,0,0,0,0,0,0,31
2013-07-24 00:00:00,11326,5,7,2013,0,0,0,0,0,0,0,90
2013-07-25 00:00:00,11326,6,7,2013,0,0,0,0,0,0,0,112
2013-07-26 00:00:00,11326,7,7,2013,0,0,0,0,0,0,0,140
2013-07-27 00:00:00,11327,1,7,2013,0,0,0,0,0,0,0,157
2013-07-28 00:00:00,11327,2,7,2013,0,0,0,0,0,0,0,80
2013-07-29 00:00:00,11327,3,7,2013,0,0,0,0,0,0,0,110
2013-07-30 00:00:00,11327,4,7,2013,0,0,0,0,0,0,0,80
2013-07-31 00:00:00,11327,5,7,2013,0,0,0,0,0,0,0,94
2013-08-01 00:00:00,11327,6,8,2013,0,0,0,0,1,1,0,162
2013-08-02 00:00:00,11327,7,8,2013,0,0,0,0,1,0,1,128
2013-08-03 00:00:00,11328,1,8,2013,0,0,0,0,1,1,1,113
2013-08-04 00:00:00,11328,2,8,2013,0,0,0,0,1,0,0,121
2013-08-05 00:00:00,11328,3,8,2013,0,0,0,0,1,1,1,111
2013-08-06 00:00:00,11328,4,8,2013,0,0,0,0,1,1,1,127
2013-08-07 00:00:00,11328,5,8,2013,0,0,0,0,1,1,0,119
2013-08-08 00:00:00,11328,6,8,2013,6,3,0,0,1,0,1,125
2013-08-09 00:00:00,11328,7,8,2013,0,0,0,0,1,1,1,141
2013-08-10 00:00:00,11329,1,8,2013,0,0,0,0,1,0,0,159
2013-08-11 00:00:00,11329,2,8,2013,0,0,0,0,0,1,1,157
2013-08-12 00:00:00,11329,3,8,2013,0,0,0,0,0,1,1,119
2013-08-13 00:00:00,11329,4,8,2013,0,0,0,0,0,1,0,135
2013-08-14 00:00:00,11329,5,8,2013,0,0,0,0,0,0,1,81
2013-08-15 00:00:00,11329,6,8,2013,0,0,0,0,0,1,1,136
2013-08-16 00:00:00,11329,7,8,2013,0,0,0,0,0,0,0,96
2013-08-17 00:00:00,11330,1,8,2013,0,0,0,0,0,0,0,151
2013-08-18 00:00:00,11330,2,8,2013,0,0,0,0,0,0,0,162
2013-08-19 00:00:00,11330,3,8,2013,0,0,0,0,0,0,0,87
2013-08-20 00:00:00,11330,4,8,2013,0,0,0,0,0,0,0,105
2013-08-21 00:00:00,11330,5,8,2013,0,0,0,0,0,0,0,90
2013-08-22 00:00:00,11330,6,8,2013,0,0,0,0,0,0,0,97
2013-08-23 00:00:00,11330,7,8,2013,0,0,0,0,0,0,0,118
2013-08-24 00:00:00,11331,1,8,2013,0,0,0,0,0,0,0,135
2013-08-25 00:00:00,11331,2,8,2013,0,0,0,0,0,0,0,102
2013-08-26 00:00:00,11331,3,8,2013,0,0,0,0,0,0,0,68
2013-08-27 00:00:00,11331,4,8,2013,0,0,0,0,0,0,0,101
2013-08-28 00:00:00,11331,5,8,2013,0,0,0,0,0,0,0,98
2013-08-29 00:00:00,11331,6,8,2013,0,0,0,0,0,0,0,79
2013-08-30 00:00:00,11331,7,8,2013,0,0,0,0,0,0,0,113
2013-08-31 00:00:00,11332,1,8,2013,0,0,0,0,0,0,0,104
2013-09-01 00:00:00,11332,2,9,2013,0,0,0,0,1,1,0,107
2013-09-02 00:00:00,11332,3,9,2013,11,2,0,0,1,0,1,102
2013-09-03 00:00:00,11332,4,9,2013,0,0,0,0,1,1,1,104
2013-09-04 00:00:00,11332,5,9,2013,0,0,0,0,1,0,0,93
2013-09-05 00:00:00,11332,6,9,2013,0,0,0,0,1,1,1,93
2013-09-06 00:00:00,11332,7,9,2013,0,0,0,0,1,1,1,77
2013-09-07 00:00:00,11333,1,9,2013,0,0,0,0,1,1,0,116
2013-09-08 00:00:00,11333,2,9,2013,0,0,0,0,1,0,1,97
2013-09-09 00:00:00,11333,3,9,2013,0,0,0,0,1,1,1,97
2013-09-10 00:00:00,11333,4,9,2013,0,0,0,0,1,0,0,76
2013-09-11 00:00:00,11333,5,9,2013,0,0,0,0,0,1,1,77
2013-09-12 00:00:00,11333,6,9,2013,0,0,0,0,0,1,1,64
2013-09-13 00:00:00,11333,7,9,2013,0,0,0,0,0,1,0,99
2013-09-14 00:00:00,11334,1,9,2013,0,0,0,0,0,0,1,132
2013-09-15 00:00:00,11334,2,9,2013,0,0,0,0,0,1,1,88
2013-09-16 00:00:00,11334,3,9,2013,0,0,0,0,0,0,0,46
2013-09-17 00:00:00,11334,4,9,2013,0,0,0,0,0,0,0,40
2013-09-18 00:00:00,11334,5,9,2013,0,0,0,0,0,0,0,52
2013-09-19 00:00:00,11334,6,9,2013,0,0,0,0,0,0,0,49
2013-09-20 00:00:00,11334,7,9,2013,0,0,0,0,0,0,0,50
2013-09-21 00:00:00,11335,1,9,2013,0,0,0,0,0,0,0,93
2013-09-22 00:00:00,11335,2,9,2013,0,0,0,0,0,0,0,68
2013-09-23 00:00:00,11335,3,9,2013,0,0,0,0,0,0,0,53
2013-09-24 00:00:00,11335,4,9,2013,0,0,0,0,0,0,0,73
2013-09-25 00:00:00,11335,5,9,2013,0,0,0,0,0,0,0,56
2013-09-26 00:00:00,11335,6,9,2013,0,0,0,0,0,0,0,45
2013-09-27 00:00:00,11335,7,9,2013,0,0,0,0,0,0,0,43
2013-09-28 00:00:00,11336,1,9,2013,0,0,0,0,0,0,0,66
2013-09-29 00:00:00,11336,2,9,2013,0,0,0,0,0,0,0,74
2013-09-30 00:00:00,11336,3,9,2013,0,0,0,0,0,0,0,55
2013-10-01 00:00:00,11336,4,10,2013,0,0,0,0,1,1,0,39
2013-10-02 00:00:00,11336,5,10,2013,0,0,0,0,1,0,1,46
2013-10-03 00:00:00,11336,6,10,2013,0,0,0,0,1,1,1,51
2013-10-04 00:00:00,11336,7,10,2013,0,0,0,0,1,0,0,75
2013-10-05 00:00:00,11337,1,10,2013,0,0,0,0,1,1,1,70
2013-10-06 00:00:00,11337,2,10,2013,0,0,0,0,1,1,1,77
2013-10-07 00:00:00,11337,3,10,2013,0,0,0,0,1,1,0,96
2013-10-08 00:00:00,11337,4,10,2013,0,0,0,0,1,0,1,34
2013-10-09 00:00:00,11337,5,10,2013,0,0,0,0,1,1,1,56
2013-10-10 00:00:00,11337,6,10,2013,0,0,0,0,1,0,0,66
2013-10-11 00:00:00,11337,7,10,2013,0,0,0,0,0,1,1,70
2013-10-12 00:00:00,11338,1,10,2013,0,0,0,0,0,1,1,63
2013-10-13 00:00:00,11338,2,10,2013,0,0,0,0,0,1,0,75
2013-10-14 00:00:00,11338,3,10,2013,4,2,0,0,0,0,1,33
2013-10-15 00:00:00,11338,4,10,2013,7,3,0,0,0,1,1,42
2013-10-16 00:00:00,11338,5,10,2013,0,0,0,0,0,0,0,29
2013-10-17 00:00:00,11338,6,10,2013,0,0,0,0,0,0,0,49
2013-10-18 00:00:00,11338,7,10,2013,0,0,0,0,0,0,0,47
2013-10-19 00:00:00,11339,1,10,2013,0,0,0,0,0,0,0,49
2013-10-20 00:00:00,11339,2,10,2013,0,0,0,0,0,0,0,43
2013-10-21 00:00:00,11339,3,10,2013,0,0,0,0,0,0,0,37
2013-10-22 00:00:00,11339,4,10,2013,0,0,0,0,0,0,0,27
2013-10-23 00:00:00,11339,5,10,2013,0,0,0,0,0,0,0,35
2013-10-24 00:00:00,11339,6,10,2013,0,0,0,0,0,0,0,57
2013-10-25 00:00:00,11339,7,10,2013,0,0,0,0,0,0,0,55
2013-10-26 00:00:00,11340,1,10,2013,0,0,0,0,0,0,0,73
2013-10-27 00:00:00,11340,2,10,2013,0,0,0,0,0,0,0,34
2013-10-28 00:00:00,11340,3,10,2013,0,0,0,0,0,0,0,37
2013-10-29 00:00:00,11340,4,10,2013,0,0,0,0,0,0,0,38
2013-10-30 00:00:00,11340,5,10,2013,0,0,0,0,0,0,0,68
2013-10-31 00:00:00,11340,6,10,2013,9,1,0,0,0,0,0,74
2013-11-01 00:00:00,11340,7,11,2013,0,0,0,0,1,1,0,97
2013-11-02 00:00:00,11341,1,11,2013,0,0,0,0,1,0,1,61
2013-11-03 00:00:00,11341,2,11,2013,0,0,0,0,1,1,1,66
2013-11-04 00:00:00,11341,3,11,2013,0,0,0,0,1,0,0,33
2013-11-05 00:00:00,11341,4,11,2013,0,0,0,0,1,1,1,25
2013-11-06 00:00:00,11341,5,11,2013,0,0,0,0,1,1,1,23
2013-11-07 00:00:00,11341,6,11,2013,0,0,0,0,1,1,0,42
2013-11-08 00:00:00,11341,7,11,2013,0,0,0,0,1,0,1,45
2013-11-09 00:00:00,11342,1,11,2013,0,0,0,0,1,1,1,64
2013-11-10 00:00:00,11342,2,11,2013,0,0,0,0,1,0,0,63
2013-11-11 00:00:00,11342,3,11,2013,30,2,0,0,0,1,1,82
2013-11-12 00:00:00,11342,4,11,2013,0,0,0,0,0,1,1,63
2013-11-13 00:00:00,11342,5,11,2013,0,0,0,0,0,1,0,68
2013-11-14 00:00:00,11342,6,11,2013,0,0,0,0,0,0,1,60
2013-11-15 00:00:00,11342,7,11,2013,0,0,0,0,0,1,1,71
2013-11-16 00:00:00,11343,1,11,2013,0,0,0,0,0,0,0,134
2013-11-17 00:00:00,11343,2,11,2013,0,0,0,0,0,0,0,93
2013-11-18 00:00:00,11343,3,11,2013,0,0,0,0,0,0,0,82
2013-11-19 00:00:00,11343,4,11,2013,0,0,0,0,0,0,0,98
2013-11-20 00:00:00,11343,5,11,2013,0,0,0,0,0,0,0,65
2013-11-21 00:00:00,11343,6,11,2013,0,0,0,0,0,0,0,91
2013-11-22 00:00:00,11343,7,11,2013,0,0,0,0,0,0,0,66
2013-11-23 00:00:00,11344,1,11,2013,0,0,0,0,0,0,0,95
2013-11-24 00:00:00,11344,2,11,2013,0,0,0,0,0,0,0,90
2013-11-25 00:00:00,11344,3,11,2013,0,0,0,0,0,0,0,91
2013-11-26 00:00:00,11344,4,11,2013,0,0,0,0,0,0,0,112
2013-11-27 00:00:00,11344,5,11,2013,0,0,0,0,0,0,0,213
2013-11-28 00:00:00,11344,6,11,2013,28,2,0,0,0,0,0,78
2013-11-29 00:00:00,11344,7,11,2013,0,0,0,0,0,0,0,0
2013-11-30 00:00:00,11345,1,11,2013,0,0,0,0,0,0,0,0
2013-12-01 00:00:00,11345,2,12,2013,0,0,0,0,1,1,0,0
2013-12-02 00:00:00,11345,3,12,2013,0,0,0,0,1,0,1,91
2013-12-03 00:00:00,11345,4,12,2013,0,0,0,0,1,1,1,78
2013-12-04 00:00:00,11345,5,12,2013,0,0,0,0,1,0,0,43
2013-12-05 00:00:00,11345,6,12,2013,1,3,0,0,1,1,1,46
2013-12-06 00:00:00,11345,7,12,2013,0,0,0,0,1,1,1,52
2013-12-07 00:00:00,11346,1,12,2013,0,0,0,0,1,1,0,104
2013-12-08 00:00:00,11346,2,12,2013,0,0,0,0,1,0,1,73
2013-12-09 00:00:00,11346,3,12,2013,0,0,0,0,1,1,1,67
2013-12-10 00:00:00,11346,4,12,2013,0,0,0,0,1,0,0,77
2013-12-11 00:00:00,11346,5,12,2013,0,0,0,0,0,1,1,96
2013-12-12 00:00:00,11346,6,12,2013,0,0,0,0,0,1,1,90
2013-12-13 00:00:00,11346,7,12,2013,0,0,0,0,0,1,0,113
2013-12-14 00:00:00,11347,1,12,2013,0,0,0,0,0,0,1,90
2013-12-15 00:00:00,11347,2,12,2013,0,0,0,0,0,1,1,81
2013-12-16 00:00:00,11347,3,12,2013,0,0,0,0,0,0,0,92
2013-12-17 00:00:00,11347,4,12,2013,0,0,0,0,0,0,0,95
2013-12-18 00:00:00,11347,5,12,2013,0,0,0,0,0,0,0,85
2013-12-19 00:00:00,11347,6,12,2013,0,0,0,0,0,0,0,103
2013-12-20 00:00:00,11347,7,12,2013,0,0,0,0,0,0,0,103
2013-12-21 00:00:00,11348,1,12,2013,0,0,0,0,0,0,0,124
2013-12-22 00:00:00,11348,2,12,2013,0,0,0,0,0,0,0,138
2013-12-23 00:00:00,11348,3,12,2013,0,0,0,0,0,0,0,108
2013-12-24 00:00:00,11348,4,12,2013,0,0,0,0,0,0,0,172
2013-12-25 00:00:00,11348,5,12,2013,2,2,0,0,0,0,0,0
2013-12-26 00:00:00,11348,6,12,2013,0,0,0,0,0,0,0,123
2013-12-27 00:00:00,11348,7,12,2013,0,0,0,0,0,0,0,85
2013-12-28 00:00:00,11349,1,12,2013,0,0,0,0,0,0,0,118
2013-12-29 00:00:00,11349,2,12,2013,0,0,0,0,0,0,0,130
2013-12-30 00:00:00,11349,3,12,2013,0,0,0,0,0,0,0,189
2013-12-31 00:00:00,11349,4,12,2013,0,0,0,0,0,0,0,94
2014-01-01 00:00:00,11349,5,1,2014,19,2,0,0,1,1,0,29
2014-01-02 00:00:00,11349,6,1,2014,0,0,0,0,1,0,1,63
2014-01-03 00:00:00,11349,7,1,2014,0,0,0,0,1,1,1,57
2014-01-04 00:00:00,11350,1,1,2014,0,0,0,0,1,0,0,62
2014-01-05 00:00:00,11350,2,1,2014,0,0,0,0,1,1,1,50
2014-01-06 00:00:00,11350,3,1,2014,0,0,0,0,1,1,1,44
2014-01-07 00:00:00,11350,4,1,2014,20,3,0,0,1,1,0,36
2014-01-08 00:00:00,11350,5,1,2014,0,0,0,0,1,0,1,68
2014-01-09 00:00:00,11350,6,1,2014,0,0,0,0,1,1,1,31
2014-01-10 00:00:00,11350,7,1,2014,0,0,0,0,1,0,0,40
2014-01-11 00:00:00,11351,1,1,2014,0,0,0,0,0,1,1,73
2014-01-12 00:00:00,11351,2,1,2014,0,0,0,0,0,1,1,50
2014-01-13 00:00:00,11351,3,1,2014,0,0,0,0,0,1,0,37
2014-01-14 00:00:00,11351,4,1,2014,0,0,0,0,0,0,1,38
2014-01-15 00:00:00,11351,5,1,2014,0,0,0,0,0,1,1,49
2014-01-16 00:00:00,11351,6,1,2014,0,0,0,0,0,0,0,34
2014-01-17 00:00:00,11351,7,1,2014,0,0,0,0,0,0,0,52
2014-01-18 00:00:00,11352,1,1,2014,0,0,0,0,0,0,0,0
2014-01-19 00:00:00,11352,2,1,2014,0,0,0,0,0,0,0,0
2014-01-20 00:00:00,11352,3,1,2014,14,2,0,0,0,0,0,0
2014-01-21 00:00:00,11352,4,1,2014,0,0,0,0,0,0,0,0
2014-01-22 00:00:00,11352,5,1,2014,0,0,0,0,0,0,0,72
2014-01-23 00:00:00,11352,6,1,2014,0,0,0,0,0,0,0,88
2014-01-24 00:00:00,11352,7,1,2014,0,0,0,0,0,0,0,145
2014-01-25 00:00:00,11353,1,1,2014,0,0,0,0,0,0,0,108
2014-01-26 00:00:00,11353,2,1,2014,0,0,0,0,0,0,0,156
2014-01-27 00:00:00,11353,3,1,2014,0,0,0,0,0,0,0,136
2014-01-28 00:00:00,11353,4,1,2014,0,0,0,0,0,0,0,52
2014-01-29 00:00:00,11353,5,1,2014,0,0,0,0,0,0,0,67
2014-01-30 00:00:00,11353,6,1,2014,0,0,0,0,0,0,0,128
2014-01-31 00:00:00,11353,7,1,2014,0,0,0,0,0,0,0,246
2014-02-01 00:00:00,11401,1,2,2014,0,0,0,0,1,1,0,320
2014-02-02 00:00:00,11401,2,2,2014,27,4,0,0,1,0,1,194
2014-02-03 00:00:00,11401,3,2,2014,0,0,0,0,1,1,1,136
2014-02-04 00:00:00,11401,4,2,2014,0,0,0,0,1,0,0,105
2014-02-05 00:00:00,11401,5,2,2014,0,0,0,0,1,1,1,140
2014-02-06 00:00:00,11401,6,2,2014,0,0,0,0,1,1,1,6
2014-02-07 00:00:00,11401,7,2,2014,0,0,0,0,1,1,0,0
2014-02-08 00:00:00,11402,1,2,2014,0,0,0,0,1,0,1,0
2014-02-09 00:00:00,11402,2,2,2014,0,0,0,0,1,1,1,0
2014-02-10 00:00:00,11402,3,2,2014,0,0,0,0,1,0,0,0
2014-02-11 00:00:00,11402,4,2,2014,0,0,0,0,0,1,1,0
2014-02-12 00:00:00,11402,5,2,2014,0,0,0,0,0,1,1,0
2014-02-13 00:00:00,11402,6,2,2014,0,0,0,0,0,1,0,0
2014-02-14 00:00:00,11402,7,2,2014,29,1,0,0,0,0,1,0
2014-02-15 00:00:00,11403,1,2,2014,0,0,0,0,0,1,1,0
2014-02-16 00:00:00,11403,2,2,2014,0,0,0,0,0,0,0,0
2014-02-17 00:00:00,11403,3,2,2014,23,2,0,0,0,0,0,0
2014-02-18 00:00:00,11403,4,2,2014,0,0,0,0,0,0,0,0
2014-02-19 00:00:00,11403,5,2,2014,0,0,0,0,0,0,0,0
2014-02-20 00:00:00,11403,6,2,2014,0,0,0,0,0,0,0,0
2014-02-21 00:00:00,11403,7,2,2014,0,0,0,0,0,0,0,0
2014-02-22 00:00:00,11404,1,2,2014,0,0,0,0,0,0,0,0
2014-02-23 00:00:00,11404,2,2,2014,0,0,0,0,0,0,0,0
2014-02-24 00:00:00,11404,3,2,2014,0,0,0,0,0,0,0,0
2014-02-25 00:00:00,11404,4,2,2014,0,0,0,0,0,0,0,0
2014-02-26 00:00:00,11404,5,2,2014,0,0,0,0,0,0,0,0
2014-02-27 00:00:00,11404,6,2,2014,0,0,0,0,0,0,0,0
2014-02-28 00:00:00,11404,7,2,2014,0,0,0,0,0,0,0,0
2014-03-01 00:00:00,11405,1,3,2014,0,0,0,0,1,1,0,0
2014-03-02 00:00:00,11405,2,3,2014,0,0,0,0,1,0,1,0
2014-03-03 00:00:00,11405,3,3,2014,0,0,0,0,1,1,1,0
2014-03-04 00:00:00,11405,4,3,2014,0,0,0,0,1,0,0,0
2014-03-05 00:00:00,11405,5,3,2014,12,3,0,0,1,1,1,0
2014-03-06 00:00:00,11405,6,3,2014,0,0,0,0,1,1,1,0
2014-03-07 00:00:00,11405,7,3,2014,0,0,0,0,1,1,0,0
2014-03-08 00:00:00,11406,1,3,2014,0,0,0,0,1,0,1,0
2014-03-09 00:00:00,11406,2,3,2014,0,0,0,0,1,1,1,0
2014-03-10 00:00:00,11406,3,3,2014,0,0,0,0,1,0,0,0
2014-03-11 00:00:00,11406,4,3,2014,0,0,0,0,0,1,1,0
2014-03-12 00:00:00,11406,5,3,2014,13,3,0,0,0,1,1,0
2014-03-13 00:00:00,11406,6,3,2014,0,0,0,0,0,1,0,0
2014-03-14 00:00:00,11406,7,3,2014,0,0,0,0,0,0,1,0
2014-03-15 00:00:00,11407,1,3,2014,0,0,0,0,0,1,1,0
2014-03-16 00:00:00,11407,2,3,2014,24,3,0,0,0,0,0,0
2014-03-17 00:00:00,11407,3,3,2014,26,1,0,0,0,0,0,0
2014-03-18 00:00:00,11407,4,3,2014,0,0,0,0,0,0,0,0
2014-03-19 00:00:00,11407,5,3,2014,0,0,0,0,0,0,0,0
2014-03-20 00:00:00,11407,6,3,2014,0,0,0,0,0,0,0,0
2014-03-21 00:00:00,11407,7,3,2014,0,0,0,0,0,0,0,0
2014-03-22 00:00:00,11408,1,3,2014,0,0,0,0,0,0,0,0
2014-03-23 00:00:00,11408,2,3,2014,0,0,0,0,0,0,0,0
2014-03-24 00:00:00,11408,3,3,2014,0,0,0,0,0,0,0,0
2014-03-25 00:00:00,11408,4,3,2014,0,0,0,0,0,0,0,0
2014-03-26 00:00:00,11408,5,3,2014,0,0,0,0,0,0,0,0
2014-03-27 00:00:00,11408,6,3,2014,0,0,0,0,0,0,0,0
2014-03-28 00:00:00,11408,7,3,2014,0,0,0,0,0,0,0,0
2014-03-29 00:00:00,11409,1,3,2014,0,0,0,0,0,0,0,0
2014-03-30 00:00:00,11409,2,3,2014,0,0,0,0,0,0,0,0
2014-03-31 00:00:00,11409,3,3,2014,0,0,0,0,0,0,0,0
2014-04-01 00:00:00,11409,4,4,2014,0,0,0,0,1,1,0,41
2014-04-02 00:00:00,11409,5,4,2014,0,0,0,0,1,0,1,56
2014-04-03 00:00:00,11409,6,4,2014,0,0,0,0,1,1,1,65
2014-04-04 00:00:00,11409,7,4,2014,0,0,0,0,1,0,0,59
2014-04-05 00:00:00,11410,1,4,2014,0,0,0,0,1,1,1,44
2014-04-06 00:00:00,11410,2,4,2014,0,0,0,0,1,1,1,45
2014-04-07 00:00:00,11410,3,4,2014,0,0,0,0,1,1,0,28
2014-04-08 00:00:00,11410,4,4,2014,0,0,0,0,1,0,1,14
2014-04-09 00:00:00,11410,5,4,2014,0,0,0,0,1,1,1,23
2014-04-10 00:00:00,11410,6,4,2014,0,0,0,0,1,0,0,13
2014-04-11 00:00:00,11410,7,4,2014,0,0,0,0,0,1,1,33
2014-04-12 00:00:00,11411,1,4,2014,0,0,0,0,0,1,1,27
2014-04-13 00:00:00,11411,2,4,2014,0,0,0,0,0,1,0,43
2014-04-14 00:00:00,11411,3,4,2014,0,0,0,0,0,0,1,24
2014-04-15 00:00:00,11411,4,4,2014,0,0,0,0,0,1,1,28
2014-04-16 00:00:00,11411,5,4,2014,0,0,0,0,0,0,0,18
2014-04-17 00:00:00,11411,6,4,2014,0,0,0,0,0,0,0,22
2014-04-18 00:00:00,11411,7,4,2014,0,0,0,0,0,0,0,36
2014-04-19 00:00:00,11412,1,4,2014,0,0,0,0,0,0,0,47
2014-04-20 00:00:00,11412,2,4,2014,5,1,4,2,0,0,0,38
2014-04-21 00:00:00,11412,3,4,2014,0,0,0,0,0,0,0,18
2014-04-22 00:00:00,11412,4,4,2014,22,3,0,0,0,0,0,13
2014-04-23 00:00:00,11412,5,4,2014,0,0,0,0,0,0,0,33
2014-04-24 00:00:00,11412,6,4,2014,0,0,0,0,0,0,0,16
2014-04-25 00:00:00,11412,7,4,2014,0,0,0,0,0,0,0,20
2014-04-26 00:00:00,11413,1,4,2014,0,0,0,0,0,0,0,18
2014-04-27 00:00:00,11413,2,4,2014,0,0,0,0,0,0,0,27
2014-04-28 00:00:00,11413,3,4,2014,0,0,0,0,0,0,0,24
2014-04-29 00:00:00,11413,4,4,2014,0,0,0,0,0,0,0,17
2014-04-30 00:00:00,11413,5,4,2014,0,0,0,0,0,0,0,21
2014-05-01 00:00:00,11413,6,5,2014,0,0,0,0,1,1,0,24
2014-05-02 00:00:00,11413,7,5,2014,0,0,0,0,1,0,1,16
2014-05-03 00:00:00,11414,1,5,2014,0,0,0,0,1,1,1,46
2014-05-04 00:00:00,11414,2,5,2014,0,0,0,0,1,0,0,20
2014-05-05 00:00:00,11414,3,5,2014,3,1,0,0,1,1,1,28
2014-05-06 00:00:00,11414,4,5,2014,0,0,0,0,1,1,1,19
2014-05-07 00:00:00,11414,5,5,2014,0,0,0,0,1,1,0,16
2014-05-08 00:00:00,11414,6,5,2014,0,0,0,0,1,0,1,0
2014-05-09 00:00:00,11414,7,5,2014,0,0,0,0,1,1,1,0
2014-05-10 00:00:00,11415,1,5,2014,0,0,0,0,1,0,0,44
2014-05-11 00:00:00,11415,2,5,2014,16,1,0,0,0,1,1,41
2014-05-12 00:00:00,11415,3,5,2014,0,0,0,0,0,1,1,16
2014-05-13 00:00:00,11415,4,5,2014,0,0,0,0,0,1,0,20
2014-05-14 00:00:00,11415,5,5,2014,0,0,0,0,0,0,1,0
2014-05-15 00:00:00,11415,6,5,2014,0,0,0,0,0,1,1,0
2014-05-16 00:00:00,11415,7,5,2014,0,0,0,0,0,0,0,0
2014-05-17 00:00:00,11416,1,5,2014,0,0,0,0,0,0,0,24
2014-05-18 00:00:00,11416,2,5,2014,0,0,0,0,0,0,0,22
2014-05-19 00:00:00,11416,3,5,2014,0,0,0,0,0,0,0,15
2014-05-20 00:00:00,11416,4,5,2014,0,0,0,0,0,0,0,22
2014-05-21 00:00:00,11416,5,5,2014,0,0,0,0,0,0,0,15
2014-05-22 00:00:00,11416,6,5,2014,0,0,0,0,0,0,0,19
2014-05-23 00:00:00,11416,7,5,2014,0,0,0,0,0,0,0,22
2014-05-24 00:00:00,11417,1,5,2014,0,0,0,0,0,0,0,16
2014-05-25 00:00:00,11417,2,5,2014,0,0,0,0,0,0,0,23
2014-05-26 00:00:00,11417,3,5,2014,15,2,0,0,0,0,0,16
2014-05-27 00:00:00,11417,4,5,2014,0,0,0,0,0,0,0,17
2014-05-28 00:00:00,11417,5,5,2014,0,0,0,0,0,0,0,16
2014-05-29 00:00:00,11417,6,5,2014,0,0,0,0,0,0,0,17
2014-05-30 00:00:00,11417,7,5,2014,0,0,0,0,0,0,0,20
2014-05-31 00:00:00,11418,1,5,2014,0,0,0,0,0,0,0,24
2014-06-01 00:00:00,11418,2,6,2014,0,0,0,0,1,1,0,18
2014-06-02 00:00:00,11418,3,6,2014,0,0,0,0,1,0,1,23
2014-06-03 00:00:00,11418,4,6,2014,0,0,0,0,1,1,1,19
2014-06-04 00:00:00,11418,5,6,2014,0,0,0,0,1,0,0,12
2014-06-05 00:00:00,11418,6,6,2014,18,4,0,0,1,1,1,17
2014-06-06 00:00:00,11418,7,6,2014,0,0,0,0,1,1,1,18
2014-06-07 00:00:00,11419,1,6,2014,0,0,0,0,1,1,0,27
2014-06-08 00:00:00,11419,2,6,2014,0,0,0,0,1,0,1,33
2014-06-09 00:00:00,11419,3,6,2014,0,0,0,0,1,1,1,24
2014-06-10 00:00:00,11419,4,6,2014,0,0,0,0,1,0,0,15
2014-06-11 00:00:00,11419,5,6,2014,0,0,0,0,0,1,1,20
2014-06-12 00:00:00,11419,6,6,2014,0,0,0,0,0,1,1,37
2014-06-13 00:00:00,11419,7,6,2014,0,0,0,0,0,1,0,21
2014-06-14 00:00:00,11420,1,6,2014,0,0,0,0,0,0,1,27
2014-06-15 00:00:00,11420,2,6,2014,17,4,3,1,0,1,1,38
2014-06-16 00:00:00,11420,3,6,2014,0,0,0,0,0,0,0,30
2014-06-17 00:00:00,11420,4,6,2014,0,0,0,0,0,0,0,15
2014-06-18 00:00:00,11420,5,6,2014,0,0,0,0,0,0,0,19
2014-06-19 00:00:00,11420,6,6,2014,0,0,0,0,0,0,0,14
2014-06-20 00:00:00,11420,7,6,2014,0,0,0,0,0,0,0,22
2014-06-21 00:00:00,11421,1,6,2014,0,0,0,0,0,0,0,41
2014-06-22 00:00:00,11421,2,6,2014,0,0,0,0,0,0,0,21
2014-06-23 00:00:00,11421,3,6,2014,0,0,0,0,0,0,0,29
2014-06-24 00:00:00,11421,4,6,2014,0,0,0,0,0,0,0,21
2014-06-25 00:00:00,11421,5,6,2014,0,0,0,0,0,0,0,26
2014-06-26 00:00:00,11421,6,6,2014,0,0,0,0,0,0,0,22
2014-06-27 00:00:00,11421,7,6,2014,0,0,0,0,0,0,0,18
2014-06-28 00:00:00,11422,1,6,2014,0,0,0,0,0,0,0,28
2014-06-29 00:00:00,11422,2,6,2014,25,3,0,0,0,0,0,23
2014-06-30 00:00:00,11422,3,6,2014,0,0,0,0,0,0,0,22
2014-07-01 00:00:00,11422,4,7,2014,0,0,0,0,1,1,0,26
2014-07-02 00:00:00,11422,5,7,2014,0,0,0,0,1,0,1,16
2014-07-03 00:00:00,11422,6,7,2014,0,0,0,0,1,1,1,22
2014-07-04 00:00:00,11422,7,7,2014,10,2,0,0,1,0,0,49
2014-07-05 00:00:00,11423,1,7,2014,0,0,0,0,1,1,1,27
2014-07-06 00:00:00,11423,2,7,2014,0,0,0,0,1,1,1,15
2014-07-07 00:00:00,11423,3,7,2014,0,0,0,0,1,1,0,21
2014-07-08 00:00:00,11423,4,7,2014,0,0,0,0,1,0,1,18
2014-07-09 00:00:00,11423,5,7,2014,0,0,0,0,1,1,1,22
2014-07-10 00:00:00,11423,6,7,2014,0,0,0,0,1,0,0,20
2014-07-11 00:00:00,11423,7,7,2014,0,0,0,0,0,1,1,21
2014-07-12 00:00:00,11424,1,7,2014,0,0,0,0,0,1,1,27
2014-07-13 00:00:00,11424,2,7,2014,0,0,0,0,0,1,0,37
2014-07-14 00:00:00,11424,3,7,2014,0,0,0,0,0,0,1,18
2014-07-15 00:00:00,11424,4,7,2014,0,0,0,0,0,1,1,26
2014-07-16 00:00:00,11424,5,7,2014,0,0,0,0,0,0,0,32
2014-07-17 00:00:00,11424,6,7,2014,0,0,0,0,0,0,0,28
2014-07-18 00:00:00,11424,7,7,2014,0,0,0,0,0,0,0,33
2014-07-19 00:00:00,11425,1,7,2014,0,0,0,0,0,0,0,23
2014-07-20 00:00:00,11425,2,7,2014,0,0,0,0,0,0,0,26
2014-07-21 00:00:00,11425,3,7,2014,0,0,0,0,0,0,0,20
2014-07-22 00:00:00,11425,4,7,2014,0,0,0,0,0,0,0,23
2014-07-23 00:00:00,11425,5,7,2014,0,0,0,0,0,0,0,23
2014-07-24 00:00:00,11425,6,7,2014,0,0,0,0,0,0,0,13
2014-07-25 00:00:00,11425,7,7,2014,0,0,0,0,0,0,0,34
2014-07-26 00:00:00,11426,1,7,2014,0,0,0,0,0,0,0,20
2014-07-27 00:00:00,11426,2,7,2014,0,0,0,0,0,0,0,27
2014-07-28 00:00:00,11426,3,7,2014,0,0,0,0,0,0,0,30
2014-07-29 00:00:00,11426,4,7,2014,6,3,0,0,0,0,0,22
2014-07-30 00:00:00,11426,5,7,2014,0,0,0,0,0,0,0,28
2014-07-31 00:00:00,11426,6,7,2014,0,0,0,0,0,0,0,19
2014-08-01 00:00:00,11426,7,8,2014,0,0,0,0,1,1,0,35
2014-08-02 00:00:00,11427,1,8,2014,0,0,0,0,1,0,1,17
2014-08-03 00:00:00,11427,2,8,2014,0,0,0,0,1,1,1,30
2014-08-04 00:00:00,11427,3,8,2014,0,0,0,0,1,0,0,27
2014-08-05 00:00:00,11427,4,8,2014,0,0,0,0,1,1,1,17
2014-08-06 00:00:00,11427,5,8,2014,0,0,0,0,1,1,1,18
2014-08-07 00:00:00,11427,6,8,2014,0,0,0,0,1,1,0,22
2014-08-08 00:00:00,11427,7,8,2014,0,0,0,0,1,0,1,21
2014-08-09 00:00:00,11428,1,8,2014,0,0,0,0,1,1,1,26
2014-08-10 00:00:00,11428,2,8,2014,0,0,0,0,1,0,0,25
2014-08-11 00:00:00,11428,3,8,2014,0,0,0,0,0,1,1,20
2014-08-12 00:00:00,11428,4,8,2014,0,0,0,0,0,1,1,21
2014-08-13 00:00:00,11428,5,8,2014,0,0,0,0,0,1,0,19
2014-08-14 00:00:00,11428,6,8,2014,0,0,0,0,0,0,1,12
2014-08-15 00:00:00,11428,7,8,2014,0,0,0,0,0,1,1,27
2014-08-16 00:00:00,11429,1,8,2014,0,0,0,0,0,0,0,27
2014-08-17 00:00:00,11429,2,8,2014,0,0,0,0,0,0,0,31
2014-08-18 00:00:00,11429,3,8,2014,0,0,0,0,0,0,0,23
2014-08-19 00:00:00,11429,4,8,2014,0,0,0,0,0,0,0,28
2014-08-20 00:00:00,11429,5,8,2014,0,0,0,0,0,0,0,19
2014-08-21 00:00:00,11429,6,8,2014,0,0,0,0,0,0,0,16
2014-08-22 00:00:00,11429,7,8,2014,0,0,0,0,0,0,0,24
2014-08-23 00:00:00,11430,1,8,2014,0,0,0,0,0,0,0,31
2014-08-24 00:00:00,11430,2,8,2014,0,0,0,0,0,0,0,19
2014-08-25 00:00:00,11430,3,8,2014,0,0,0,0,0,0,0,25
2014-08-26 00:00:00,11430,4,8,2014,0,0,0,0,0,0,0,28
2014-08-27 00:00:00,11430,5,8,2014,0,0,0,0,0,0,0,23
2014-08-28 00:00:00,11430,6,8,2014,0,0,0,0,0,0,0,41
2014-08-29 00:00:00,11430,7,8,2014,0,0,0,0,0,0,0,24
2014-08-30 00:00:00,11431,1,8,2014,0,0,0,0,0,0,0,25
2014-08-31 00:00:00,11431,2,8,2014,0,0,0,0,0,0,0,12
2014-09-01 00:00:00,11431,3,9,2014,11,2,0,0,1,1,0,30
2014-09-02 00:00:00,11431,4,9,2014,0,0,0,0,1,0,1,3
2014-09-03 00:00:00,11431,5,9,2014,0,0,0,0,1,1,1,14
2014-09-04 00:00:00,11431,6,9,2014,0,0,0,0,1,0,0,9
2014-09-05 00:00:00,11431,7,9,2014,0,0,0,0,1,1,1,14
2014-09-06 00:00:00,11432,1,9,2014,0,0,0,0,1,1,1,26
2014-09-07 00:00:00,11432,2,9,2014,0,0,0,0,1,1,0,33
2014-09-08 00:00:00,11432,3,9,2014,0,0,0,0,1,0,1,19
2014-09-09 00:00:00,11432,4,9,2014,0,0,0,0,1,1,1,31
2014-09-10 00:00:00,11432,5,9,2014,0,0,0,0,1,0,0,24
2014-09-11 00:00:00,11432,6,9,2014,0,0,0,0,0,1,1,21
2014-09-12 00:00:00,11432,7,9,2014,0,0,0,0,0,1,1,16
2014-09-13 00:00:00,11433,1,9,2014,0,0,0,0,0,1,0,26
2014-09-14 00:00:00,11433,2,9,2014,0,0,0,0,0,0,1,25
2014-09-15 00:00:00,11433,3,9,2014,0,0,0,0,0,1,1,24
2014-09-16 00:00:00,11433,4,9,2014,0,0,0,0,0,0,0,8
2014-09-17 00:00:00,11433,5,9,2014,0,0,0,0,0,0,0,10
2014-09-18 00:00:00,11433,6,9,2014,0,0,0,0,0,0,0,18
2014-09-19 00:00:00,11433,7,9,2014,0,0,0,0,0,0,0,15
2014-09-20 00:00:00,11434,1,9,2014,0,0,0,0,0,0,0,21
2014-09-21 00:00:00,11434,2,9,2014,0,0,0,0,0,0,0,25
2014-09-22 00:00:00,11434,3,9,2014,0,0,0,0,0,0,0,26
2014-09-23 00:00:00,11434,4,9,2014,0,0,0,0,0,0,0,17
2014-09-24 00:00:00,11434,5,9,2014,0,0,0,0,0,0,0,15
2014-09-25 00:00:00,11434,6,9,2014,0,0,0,0,0,0,0,13
2014-09-26 00:00:00,11434,7,9,2014,0,0,0,0,0,0,0,30
2014-09-27 00:00:00,11435,1,9,2014,0,0,0,0,0,0,0,24
2014-09-28 00:00:00,11435,2,9,2014,0,0,0,0,0,0,0,14
2014-09-29 00:00:00,11435,3,9,2014,0,0,0,0,0,0,0,22
2014-09-30 00:00:00,11435,4,9,2014,0,0,0,0,0,0,0,20
2014-10-01 00:00:00,11435,5,10,2014,0,0,0,0,1,1,0,22
2014-10-02 00:00:00,11435,6,10,2014,0,0,0,0,1,0,1,31
2014-10-03 00:00:00,11435,7,10,2014,0,0,0,0,1,1,1,51
2014-10-04 00:00:00,11436,1,10,2014,7,3,0,0,1,0,0,34
2014-10-05 00:00:00,11436,2,10,2014,0,0,0,0,1,1,1,0
2014-10-06 00:00:00,11436,3,10,2014,0,0,0,0,1,1,1,0
2014-10-07 00:00:00,11436,4,10,2014,0,0,0,0,1,1,0,0
2014-10-08 00:00:00,11436,5,10,2014,0,0,0,0,1,0,1,0
2014-10-09 00:00:00,11436,6,10,2014,0,0,0,0,1,1,1,0
2014-10-10 00:00:00,11436,7,10,2014,0,0,0,0,1,0,0,0
2014-10-11 00:00:00,11437,1,10,2014,0,0,0,0,0,1,1,0
2014-10-12 00:00:00,11437,2,10,2014,0,0,0,0,0,1,1,0
2014-10-13 00:00:00,11437,3,10,2014,4,2,0,0,0,1,0,0
2014-10-14 00:00:00,11437,4,10,2014,0,0,0,0,0,0,1,0
2014-10-15 00:00:00,11437,5,10,2014,0,0,0,0,0,1,1,0
2014-10-16 00:00:00,11437,6,10,2014,0,0,0,0,0,0,0,0
2014-10-17 00:00:00,11437,7,10,2014,0,0,0,0,0,0,0,0
2014-10-18 00:00:00,11438,1,10,2014,0,0,0,0,0,0,0,0
2014-10-19 00:00:00,11438,2,10,2014,0,0,0,0,0,0,0,0
2014-10-20 00:00:00,11438,3,10,2014,0,0,0,0,0,0,0,0
2014-10-21 00:00:00,11438,4,10,2014,0,0,0,0,0,0,0,0
2014-10-22 00:00:00,11438,5,10,2014,0,0,0,0,0,0,0,0
2014-10-23 00:00:00,11438,6,10,2014,0,0,0,0,0,0,0,0
2014-10-24 00:00:00,11438,7,10,2014,0,0,0,0,0,0,0,0
2014-10-25 00:00:00,11439,1,10,2014,0,0,0,0,0,0,0,0
2014-10-26 00:00:00,11439,2,10,2014,0,0,0,0,0,0,0,0
2014-10-27 00:00:00,11439,3,10,2014,0,0,0,0,0,0,0,0
2014-10-28 00:00:00,11439,4,10,2014,0,0,0,0,0,0,0,0
2014-10-29 00:00:00,11439,5,10,2014,0,0,0,0,0,0,0,0
2014-10-30 00:00:00,11439,6,10,2014,0,0,0,0,0,0,0,0
2014-10-31 00:00:00,11439,7,10,2014,9,1,0,0,0,0,0,0
2014-11-01 00:00:00,11440,1,11,2014,0,0,0,0,1,1,0,0
2014-11-02 00:00:00,11440,2,11,2014,0,0,0,0,1,0,1,0
2014-11-03 00:00:00,11440,3,11,2014,0,0,0,0,1,1,1,0
2014-11-04 00:00:00,11440,4,11,2014,0,0,0,0,1,0,0,0
2014-11-05 00:00:00,11440,5,11,2014,0,0,0,0,1,1,1,0
2014-11-06 00:00:00,11440,6,11,2014,0,0,0,0,1,1,1,0
2014-11-07 00:00:00,11440,7,11,2014,0,0,0,0,1,1,0,0
2014-11-08 00:00:00,11441,1,11,2014,0,0,0,0,1,0,1,0
2014-11-09 00:00:00,11441,2,11,2014,0,0,0,0,1,1,1,0
2014-11-10 00:00:00,11441,3,11,2014,0,0,0,0,1,0,0,0
2014-11-11 00:00:00,11441,4,11,2014,30,2,0,0,0,1,1,0
2014-11-12 00:00:00,11441,5,11,2014,0,0,0,0,0,1,1,0
2014-11-13 00:00:00,11441,6,11,2014,0,0,0,0,0,1,0,0
2014-11-14 00:00:00,11441,7,11,2014,0,0,0,0,0,0,1,0
2014-11-15 00:00:00,11442,1,11,2014,0,0,0,0,0,1,1,0
2014-11-16 00:00:00,11442,2,11,2014,0,0,0,0,0,0,0,0
2014-11-17 00:00:00,11442,3,11,2014,0,0,0,0,0,0,0,0
2014-11-18 00:00:00,11442,4,11,2014,0,0,0,0,0,0,0,0
2014-11-19 00:00:00,11442,5,11,2014,0,0,0,0,0,0,0,0
2014-11-20 00:00:00,11442,6,11,2014,0,0,0,0,0,0,0,0
2014-11-21 00:00:00,11442,7,11,2014,0,0,0,0,0,0,0,0
2014-11-22 00:00:00,11443,1,11,2014,0,0,0,0,0,0,0,0
2014-11-23 00:00:00,11443,2,11,2014,0,0,0,0,0,0,0,0
2014-11-24 00:00:00,11443,3,11,2014,0,0,0,0,0,0,0,0
2014-11-25 00:00:00,11443,4,11,2014,0,0,0,0,0,0,0,0
2014-11-26 00:00:00,11443,5,11,2014,0,0,0,0,0,0,0,0
2014-11-27 00:00:00,11443,6,11,2014,28,2,0,0,0,0,0,0
2014-11-28 00:00:00,11443,7,11,2014,0,0,0,0,0,0,0,0
2014-11-29 00:00:00,11444,1,11,2014,0,0,0,0,0,0,0,0
2014-11-30 00:00:00,11444,2,11,2014,0,0,0,0,0,0,0,0
2014-12-01 00:00:00,11444,3,12,2014,0,0,0,0,1,1,0,0
2014-12-02 00:00:00,11444,4,12,2014,0,0,0,0,1,0,1,0
2014-12-03 00:00:00,11444,5,12,2014,0,0,0,0,1,1,1,0
2014-12-04 00:00:00,11444,6,12,2014,0,0,0,0,1,0,0,0
2014-12-05 00:00:00,11444,7,12,2014,0,0,0,0,1,1,1,0
2014-12-06 00:00:00,11445,1,12,2014,0,0,0,0,1,1,1,0
2014-12-07 00:00:00,11445,2,12,2014,0,0,0,0,1,1,0,0
2014-12-08 00:00:00,11445,3,12,2014,0,0,0,0,1,0,1,0
2014-12-09 00:00:00,11445,4,12,2014,0,0,0,0,1,1,1,0
2014-12-10 00:00:00,11445,5,12,2014,0,0,0,0,1,0,0,0
2014-12-11 00:00:00,11445,6,12,2014,0,0,0,0,0,1,1,0
2014-12-12 00:00:00,11445,7,12,2014,0,0,0,0,0,1,1,0
2014-12-13 00:00:00,11446,1,12,2014,0,0,0,0,0,1,0,0
2014-12-14 00:00:00,11446,2,12,2014,0,0,0,0,0,0,1,0
2014-12-15 00:00:00,11446,3,12,2014,0,0,0,0,0,1,1,0
2014-12-16 00:00:00,11446,4,12,2014,0,0,0,0,0,0,0,0
2014-12-17 00:00:00,11446,5,12,2014,0,0,0,0,0,0,0,0
2014-12-18 00:00:00,11446,6,12,2014,0,0,0,0,0,0,0,0
2014-12-19 00:00:00,11446,7,12,2014,0,0,0,0,0,0,0,0
2014-12-20 00:00:00,11447,1,12,2014,0,0,0,0,0,0,0,0
2014-12-21 00:00:00,11447,2,12,2014,0,0,0,0,0,0,0,0
2014-12-22 00:00:00,11447,3,12,2014,0,0,0,0,0,0,0,0
2014-12-23 00:00:00,11447,4,12,2014,0,0,0,0,0,0,0,0
2014-12-24 00:00:00,11447,5,12,2014,1,3,0,0,0,0,0,0
2014-12-25 00:00:00,11447,6,12,2014,2,2,0,0,0,0,0,0
2014-12-26 00:00:00,11447,7,12,2014,0,0,0,0,0,0,0,0
2014-12-27 00:00:00,11448,1,12,2014,0,0,0,0,0,0,0,0
2014-12-28 00:00:00,11448,2,12,2014,0,0,0,0,0,0,0,0
2014-12-29 00:00:00,11448,3,12,2014,0,0,0,0,0,0,0,0
2014-12-30 00:00:00,11448,4,12,2014,0,0,0,0,0,0,0,0
2014-12-31 00:00:00,11448,5,12,2014,0,0,0,0,0,0,0,0
2015-01-01 00:00:00,11448,6,1,2015,19,2,0,0,1,1,0,0
2015-01-02 00:00:00,11448,7,1,2015,0,0,0,0,1,0,1,0
2015-01-03 00:00:00,11449,1,1,2015,0,0,0,0,1,1,1,0
2015-01-04 00:00:00,11449,2,1,2015,0,0,0,0,1,0,0,0
2015-01-05 00:00:00,11449,3,1,2015,0,0,0,0,1,1,1,0
2015-01-06 00:00:00,11449,4,1,2015,0,0,0,0,1,1,1,0
2015-01-07 00:00:00,11449,5,1,2015,20,3,0,0,1,1,0,0
2015-01-08 00:00:00,11449,6,1,2015,0,0,0,0,1,0,1,0
2015-01-09 00:00:00,11449,7,1,2015,0,0,0,0,1,1,1,0
2015-01-10 00:00:00,11450,1,1,2015,0,0,0,0,1,0,0,0
2015-01-11 00:00:00,11450,2,1,2015,0,0,0,0,0,1,1,0
2015-01-12 00:00:00,11450,3,1,2015,0,0,0,0,0,1,1,0
2015-01-13 00:00:00,11450,4,1,2015,0,0,0,0,0,1,0,0
2015-01-14 00:00:00,11450,5,1,2015,0,0,0,0,0,0,1,0
2015-01-15 00:00:00,11450,6,1,2015,0,0,0,0,0,1,1,0
2015-01-16 00:00:00,11450,7,1,2015,0,0,0,0,0,0,0,0
2015-01-17 00:00:00,11451,1,1,2015,0,0,0,0,0,0,0,0
2015-01-18 00:00:00,11451,2,1,2015,0,0,0,0,0,0,0,0
2015-01-19 00:00:00,11451,3,1,2015,14,2,0,0,0,0,0,0
2015-01-20 00:00:00,11451,4,1,2015,0,0,0,0,0,0,0,0
2015-01-21 00:00:00,11451,5,1,2015,0,0,0,0,0,0,0,0
2015-01-22 00:00:00,11451,6,1,2015,0,0,0,0,0,0,0,0
2015-01-23 00:00:00,11451,7,1,2015,0,0,0,0,0,0,0,0
2015-01-24 00:00:00,11452,1,1,2015,0,0,0,0,0,0,0,0
2015-01-25 00:00:00,11452,2,1,2015,0,0,0,0,0,0,0,0
2015-01-26 00:00:00,11452,3,1,2015,0,0,0,0,0,0,0,0
2015-01-27 00:00:00,11452,4,1,2015,0,0,0,0,0,0,0,0
2015-01-28 00:00:00,11452,5,1,2015,0,0,0,0,0,0,0,0
2015-01-29 00:00:00,11452,6,1,2015,0,0,0,0,0,0,0,0
2015-01-30 00:00:00,11452,7,1,2015,0,0,0,0,0,0,0,0
2015-01-31 00:00:00,11501,1,1,2015,0,0,0,0,0,0,0,0
2015-02-01 00:00:00,11501,2,2,2015,27,4,0,0,1,1,0,0
2015-02-02 00:00:00,11501,3,2,2015,0,0,0,0,1,0,1,0
2015-02-03 00:00:00,11501,4,2,2015,0,0,0,0,1,1,1,0
2015-02-04 00:00:00,11501,5,2,2015,0,0,0,0,1,0,0,41
2015-02-05 00:00:00,11501,6,2,2015,0,0,0,0,1,1,1,45
2015-02-06 00:00:00,11501,7,2,2015,0,0,0,0,1,1,1,31
2015-02-07 00:00:00,11502,1,2,2015,0,0,0,0,1,1,0,32
2015-02-08 00:00:00,11502,2,2,2015,0,0,0,0,1,0,1,24
2015-02-09 00:00:00,11502,3,2,2015,0,0,0,0,1,1,1,31
2015-02-10 00:00:00,11502,4,2,2015,0,0,0,0,1,0,0,16
2015-02-11 00:00:00,11502,5,2,2015,0,0,0,0,0,1,1,24
2015-02-12 00:00:00,11502,6,2,2015,0,0,0,0,0,1,1,21
2015-02-13 00:00:00,11502,7,2,2015,0,0,0,0,0,1,0,26
2015-02-14 00:00:00,11503,1,2,2015,29,1,0,0,0,0,1,24
2015-02-15 00:00:00,11503,2,2,2015,0,0,0,0,0,1,1,18
2015-02-16 00:00:00,11503,3,2,2015,23,2,0,0,0,0,0,15
2015-02-17 00:00:00,11503,4,2,2015,0,0,0,0,0,0,0,9
2015-02-18 00:00:00,11503,5,2,2015,12,3,0,0,0,0,0,9
2015-02-19 00:00:00,11503,6,2,2015,0,0,0,0,0,0,0,14
2015-02-20 00:00:00,11503,7,2,2015,0,0,0,0,0,0,0,17
2015-02-21 00:00:00,11504,1,2,2015,0,0,0,0,0,0,0,19
2015-02-22 00:00:00,11504,2,2,2015,0,0,0,0,0,0,0,27
2015-02-23 00:00:00,11504,3,2,2015,0,0,0,0,0,0,0,19
2015-02-24 00:00:00,11504,4,2,2015,0,0,0,0,0,0,0,18
2015-02-25 00:00:00,11504,5,2,2015,13,3,0,0,0,0,0,8
2015-02-26 00:00:00,11504,6,2,2015,0,0,0,0,0,0,0,28
2015-02-27 00:00:00,11504,7,2,2015,0,0,0,0,0,0,0,15
2015-02-28 00:00:00,11505,1,2,2015,0,0,0,0,0,0,0,22
2015-03-01 00:00:00,11505,2,3,2015,0,0,0,0,1,1,0,34
2015-03-02 00:00:00,11505,3,3,2015,0,0,0,0,1,0,1,16
2015-03-03 00:00:00,11505,4,3,2015,0,0,0,0,1,1,1,26
2015-03-04 00:00:00,11505,5,3,2015,0,0,0,0,1,0,0,9
2015-03-05 00:00:00,11505,6,3,2015,24,3,0,0,1,1,1,16
2015-03-06 00:00:00,11505,7,3,2015,0,0,0,0,1,1,1,19
2015-03-07 00:00:00,11506,1,3,2015,0,0,0,0,1,1,0,23
2015-03-08 00:00:00,11506,2,3,2015,0,0,0,0,1,0,1,22
2015-03-09 00:00:00,11506,3,3,2015,0,0,0,0,1,1,1,18
2015-03-10 00:00:00,11506,4,3,2015,0,0,0,0,1,0,0,24
2015-03-11 00:00:00,11506,5,3,2015,0,0,0,0,0,1,1,14
2015-03-12 00:00:00,11506,6,3,2015,0,0,0,0,0,1,1,0
2015-03-13 00:00:00,11506,7,3,2015,0,0,0,0,0,1,0,0
2015-03-14 00:00:00,11507,1,3,2015,0,0,0,0,0,0,1,0
2015-03-15 00:00:00,11507,2,3,2015,0,0,0,0,0,1,1,0
2015-03-16 00:00:00,11507,3,3,2015,0,0,0,0,0,0,0,0
2015-03-17 00:00:00,11507,4,3,2015,26,1,0,0,0,0,0,0
2015-03-18 00:00:00,11507,5,3,2015,0,0,0,0,0,0,0,0
2015-03-19 00:00:00,11507,6,3,2015,0,0,0,0,0,0,0,0
2015-03-20 00:00:00,11507,7,3,2015,0,0,0,0,0,0,0,0
2015-03-21 00:00:00,11508,1,3,2015,0,0,0,0,0,0,0,0
2015-03-22 00:00:00,11508,2,3,2015,0,0,0,0,0,0,0,0
2015-03-23 00:00:00,11508,3,3,2015,0,0,0,0,0,0,0,0
2015-03-24 00:00:00,11508,4,3,2015,0,0,0,0,0,0,0,0
2015-03-25 00:00:00,11508,5,3,2015,0,0,0,0,0,0,0,0
2015-03-26 00:00:00,11508,6,3,2015,0,0,0,0,0,0,0,0
2015-03-27 00:00:00,11508,7,3,2015,0,0,0,0,0,0,0,0
2015-03-28 00:00:00,11509,1,3,2015,0,0,0,0,0,0,0,0
2015-03-29 00:00:00,11509,2,3,2015,0,0,0,0,0,0,0,0
2015-03-30 00:00:00,11509,3,3,2015,0,0,0,0,0,0,0,0
2015-03-31 00:00:00,11509,4,3,2015,0,0,0,0,0,0,0,0
2015-04-01 00:00:00,11509,5,4,2015,0,0,0,0,1,1,0,0
2015-04-02 00:00:00,11509,6,4,2015,0,0,0,0,1,0,1,0
2015-04-03 00:00:00,11509,7,4,2015,0,0,0,0,1,1,1,0
2015-04-04 00:00:00,11510,1,4,2015,0,0,0,0,1,0,0,0
2015-04-05 00:00:00,11510,2,4,2015,5,1,0,0,1,1,1,0
2015-04-06 00:00:00,11510,3,4,2015,0,0,0,0,1,1,1,0
2015-04-07 00:00:00,11510,4,4,2015,0,0,0,0,1,1,0,0
2015-04-08 00:00:00,11510,5,4,2015,0,0,0,0,1,0,1,0
2015-04-09 00:00:00,11510,6,4,2015,0,0,0,0,1,1,1,0
2015-04-10 00:00:00,11510,7,4,2015,0,0,0,0,1,0,0,0
2015-04-11 00:00:00,11511,1,4,2015,22,3,0,0,0,1,1,0
2015-04-12 00:00:00,11511,2,4,2015,21,3,0,0,0,1,1,0
2015-04-13 00:00:00,11511,3,4,2015,0,0,0,0,0,1,0,0
2015-04-14 00:00:00,11511,4,4,2015,0,0,0,0,0,0,1,0
2015-04-15 00:00:00,11511,5,4,2015,0,0,0,0,0,1,1,0
2015-04-16 00:00:00,11511,6,4,2015,0,0,0,0,0,0,0,0
2015-04-17 00:00:00,11511,7,4,2015,0,0,0,0,0,0,0,0
2015-04-18 00:00:00,11512,1,4,2015,0,0,0,0,0,0,0,0
2015-04-19 00:00:00,11512,2,4,2015,0,0,0,0,0,0,0,0
2015-04-20 00:00:00,11512,3,4,2015,0,0,0,0,0,0,0,0
2015-04-21 00:00:00,11512,4,4,2015,0,0,0,0,0,0,0,0
2015-04-22 00:00:00,11512,5,4,2015,0,0,0,0,0,0,0,0
2015-04-23 00:00:00,11512,6,4,2015,0,0,0,0,0,0,0,0
2015-04-24 00:00:00,11512,7,4,2015,0,0,0,0,0,0,0,0
2015-04-25 00:00:00,11513,1,4,2015,0,0,0,0,0,0,0,0
2015-04-26 00:00:00,11513,2,4,2015,0,0,0,0,0,0,0,0
2015-04-27 00:00:00,11513,3,4,2015,0,0,0,0,0,0,0,0
2015-04-28 00:00:00,11513,4,4,2015,0,0,0,0,0,0,0,0
2015-04-29 00:00:00,11513,5,4,2015,0,0,0,0,0,0,0,0
2015-04-30 00:00:00,11513,6,4,2015,0,0,0,0,0,0,0,0
2015-05-01 00:00:00,11513,7,5,2015,0,0,0,0,1,1,0,0
2015-05-02 00:00:00,11514,1,5,2015,0,0,0,0,1,0,1,0
2015-05-03 00:00:00,11514,2,5,2015,0,0,0,0,1,1,1,0
2015-05-04 00:00:00,11514,3,5,2015,0,0,0,0,1,0,0,0
2015-05-05 00:00:00,11514,4,5,2015,3,1,0,0,1,1,1,0
2015-05-06 00:00:00,11514,5,5,2015,0,0,0,0,1,1,1,0
2015-05-07 00:00:00,11514,6,5,2015,0,0,0,0,1,1,0,0
2015-05-08 00:00:00,11514,7,5,2015,0,0,0,0,1,0,1,0
2015-05-09 00:00:00,11515,1,5,2015,0,0,0,0,1,1,1,0
2015-05-10 00:00:00,11515,2,5,2015,16,1,0,0,1,0,0,0
2015-05-11 00:00:00,11515,3,5,2015,0,0,0,0,0,1,1,0
2015-05-12 00:00:00,11515,4,5,2015,0,0,0,0,0,1,1,0
2015-05-13 00:00:00,11515,5,5,2015,0,0,0,0,0,1,0,0
2015-05-14 00:00:00,11515,6,5,2015,0,0,0,0,0,0,1,0
2015-05-15 00:00:00,11515,7,5,2015,0,0,0,0,0,1,1,0
2015-05-16 00:00:00,11516,1,5,2015,0,0,0,0,0,0,0,0
2015-05-17 00:00:00,11516,2,5,2015,0,0,0,0,0,0,0,0
2015-05-18 00:00:00,11516,3,5,2015,0,0,0,0,0,0,0,0
2015-05-19 00:00:00,11516,4,5,2015,0,0,0,0,0,0,0,0
2015-05-20 00:00:00,11516,5,5,2015,0,0,0,0,0,0,0,0
2015-05-21 00:00:00,11516,6,5,2015,0,0,0,0,0,0,0,0
2015-05-22 00:00:00,11516,7,5,2015,0,0,0,0,0,0,0,0
2015-05-23 00:00:00,11517,1,5,2015,0,0,0,0,0,0,0,0
2015-05-24 00:00:00,11517,2,5,2015,0,0,0,0,0,0,0,0
2015-05-25 00:00:00,11517,3,5,2015,15,2,0,0,0,0,0,0
2015-05-26 00:00:00,11517,4,5,2015,0,0,0,0,0,0,0,0
2015-05-27 00:00:00,11517,5,5,2015,0,0,0,0,0,0,0,0
2015-05-28 00:00:00,11517,6,5,2015,0,0,0,0,0,0,0,0
2015-05-29 00:00:00,11517,7,5,2015,0,0,0,0,0,0,0,0
2015-05-30 00:00:00,11518,1,5,2015,0,0,0,0,0,0,0,0
2015-05-31 00:00:00,11518,2,5,2015,0,0,0,0,0,0,0,0
2015-06-01 00:00:00,11518,3,6,2015,0,0,0,0,1,1,0,0
2015-06-02 00:00:00,11518,4,6,2015,0,0,0,0,1,0,1,0
2015-06-03 00:00:00,11518,5,6,2015,0,0,0,0,1,1,1,0
2015-06-04 00:00:00,11518,6,6,2015,18,4,0,0,1,0,0,0
2015-06-05 00:00:00,11518,7,6,2015,0,0,0,0,1,1,1,0
2015-06-06 00:00:00,11519,1,6,2015,0,0,0,0,1,1,1,0
2015-06-07 00:00:00,11519,2,6,2015,0,0,0,0,1,1,0,0
2015-06-08 00:00:00,11519,3,6,2015,0,0,0,0,1,0,1,0
2015-06-09 00:00:00,11519,4,6,2015,0,0,0,0,1,1,1,0
2015-06-10 00:00:00,11519,5,6,2015,0,0,0,0,1,0,0,0
2015-06-11 00:00:00,11519,6,6,2015,0,0,0,0,0,1,1,0
2015-06-12 00:00:00,11519,7,6,2015,0,0,0,0,0,1,1,0
2015-06-13 00:00:00,11520,1,6,2015,0,0,0,0,0,1,0,0
2015-06-14 00:00:00,11520,2,6,2015,0,0,0,0,0,0,1,0
2015-06-15 00:00:00,11520,3,6,2015,0,0,0,0,0,1,1,0
2015-06-16 00:00:00,11520,4,6,2015,17,4,0,0,0,0,0,0
2015-06-17 00:00:00,11520,5,6,2015,0,0,0,0,0,0,0,0
2015-06-18 00:00:00,11520,6,6,2015,25,3,0,0,0,0,0,0
2015-06-19 00:00:00,11520,7,6,2015,0,0,0,0,0,0,0,0
2015-06-20 00:00:00,11521,1,6,2015,0,0,0,0,0,0,0,0
2015-06-21 00:00:00,11521,2,6,2015,8,1,0,0,0,0,0,0
2015-06-22 00:00:00,11521,3,6,2015,0,0,0,0,0,0,0,0
2015-06-23 00:00:00,11521,4,6,2015,0,0,0,0,0,0,0,0
2015-06-24 00:00:00,11521,5,6,2015,0,0,0,0,0,0,0,0
2015-06-25 00:00:00,11521,6,6,2015,0,0,0,0,0,0,0,0
2015-06-26 00:00:00,11521,7,6,2015,0,0,0,0,0,0,0,0
2015-06-27 00:00:00,11522,1,6,2015,0,0,0,0,0,0,0,0
2015-06-28 00:00:00,11522,2,6,2015,0,0,0,0,0,0,0,0
2015-06-29 00:00:00,11522,3,6,2015,0,0,0,0,0,0,0,0
2015-06-30 00:00:00,11522,4,6,2015,0,0,0,0,0,0,0,0
2015-07-01 00:00:00,11522,5,7,2015,0,0,0,0,1,1,0,0
2015-07-02 00:00:00,11522,6,7,2015,0,0,0,0,1,0,1,0
2015-07-03 00:00:00,11522,7,7,2015,0,0,0,0,1,1,1,0
2015-07-04 00:00:00,11523,1,7,2015,10,2,0,0,1,0,0,28
2015-07-05 00:00:00,11523,2,7,2015,0,0,0,0,1,1,1,29
2015-07-06 00:00:00,11523,3,7,2015,0,0,0,0,1,1,1,30
2015-07-07 00:00:00,11523,4,7,2015,0,0,0,0,1,1,0,31
2015-07-08 00:00:00,11523,5,7,2015,0,0,0,0,1,0,1,33
2015-07-09 00:00:00,11523,6,7,2015,0,0,0,0,1,1,1,22
2015-07-10 00:00:00,11523,7,7,2015,0,0,0,0,1,0,0,41
2015-07-11 00:00:00,11524,1,7,2015,0,0,0,0,0,1,1,24
2015-07-12 00:00:00,11524,2,7,2015,0,0,0,0,0,1,1,18
2015-07-13 00:00:00,11524,3,7,2015,0,0,0,0,0,1,0,14
2015-07-14 00:00:00,11524,4,7,2015,0,0,0,0,0,0,1,29
2015-07-15 00:00:00,11524,5,7,2015,0,0,0,0,0,1,1,24
2015-07-16 00:00:00,11524,6,7,2015,0,0,0,0,0,0,0,29
2015-07-17 00:00:00,11524,7,7,2015,0,0,0,0,0,0,0,32
2015-07-18 00:00:00,11525,1,7,2015,6,3,0,0,0,0,0,23
2015-07-19 00:00:00,11525,2,7,2015,0,0,0,0,0,0,0,23
2015-07-20 00:00:00,11525,3,7,2015,0,0,0,0,0,0,0,19
2015-07-21 00:00:00,11525,4,7,2015,0,0,0,0,0,0,0,14
2015-07-22 00:00:00,11525,5,7,2015,0,0,0,0,0,0,0,13
2015-07-23 00:00:00,11525,6,7,2015,0,0,0,0,0,0,0,26
2015-07-24 00:00:00,11525,7,7,2015,0,0,0,0,0,0,0,32
2015-07-25 00:00:00,11526,1,7,2015,0,0,0,0,0,0,0,18
2015-07-26 00:00:00,11526,2,7,2015,0,0,0,0,0,0,0,13
2015-07-27 00:00:00,11526,3,7,2015,0,0,0,0,0,0,0,20
2015-07-28 00:00:00,11526,4,7,2015,0,0,0,0,0,0,0,25
2015-07-29 00:00:00,11526,5,7,2015,0,0,0,0,0,0,0,40
2015-07-30 00:00:00,11526,6,7,2015,0,0,0,0,0,0,0,20
2015-07-31 00:00:00,11526,7,7,2015,0,0,0,0,0,0,0,69
2015-08-01 00:00:00,11527,1,8,2015,0,0,0,0,1,1,0,20
2015-08-02 00:00:00,11527,2,8,2015,0,0,0,0,1,0,1,30
2015-08-03 00:00:00,11527,3,8,2015,0,0,0,0,1,1,1,18
2015-08-04 00:00:00,11527,4,8,2015,0,0,0,0,1,0,0,22
2015-08-05 00:00:00,11527,5,8,2015,0,0,0,0,1,1,1,26
2015-08-06 00:00:00,11527,6,8,2015,0,0,0,0,1,1,1,28
2015-08-07 00:00:00,11527,7,8,2015,0,0,0,0,1,1,0,18
2015-08-08 00:00:00,11528,1,8,2015,0,0,0,0,1,0,1,30
2015-08-09 00:00:00,11528,2,8,2015,0,0,0,0,1,1,1,10
2015-08-10 00:00:00,11528,3,8,2015,0,0,0,0,1,0,0,18
2015-08-11 00:00:00,11528,4,8,2015,0,0,0,0,0,1,1,29
2015-08-12 00:00:00,11528,5,8,2015,0,0,0,0,0,1,1,16
2015-08-13 00:00:00,11528,6,8,2015,0,0,0,0,0,1,0,28
2015-08-14 00:00:00,11528,7,8,2015,0,0,0,0,0,0,1,8
2015-08-15 00:00:00,11529,1,8,2015,0,0,0,0,0,1,1,28
2015-08-16 00:00:00,11529,2,8,2015,0,0,0,0,0,0,0,22
2015-08-17 00:00:00,11529,3,8,2015,0,0,0,0,0,0,0,20
2015-08-18 00:00:00,11529,4,8,2015,0,0,0,0,0,0,0,22
2015-08-19 00:00:00,11529,5,8,2015,0,0,0,0,0,0,0,14
2015-08-20 00:00:00,11529,6,8,2015,0,0,0,0,0,0,0,16
2015-08-21 00:00:00,11529,7,8,2015,0,0,0,0,0,0,0,28
2015-08-22 00:00:00,11530,1,8,2015,0,0,0,0,0,0,0,18
2015-08-23 00:00:00,11530,2,8,2015,0,0,0,0,0,0,0,24
2015-08-24 00:00:00,11530,3,8,2015,0,0,0,0,0,0,0,38
2015-08-25 00:00:00,11530,4,8,2015,0,0,0,0,0,0,0,14
2015-08-26 00:00:00,11530,5,8,2015,0,0,0,0,0,0,0,24
2015-08-27 00:00:00,11530,6,8,2015,0,0,0,0,0,0,0,34
2015-08-28 00:00:00,11530,7,8,2015,0,0,0,0,0,0,0,18
2015-08-29 00:00:00,11531,1,8,2015,0,0,0,0,0,0,0,23
2015-08-30 00:00:00,11531,2,8,2015,0,0,0,0,0,0,0,18
2015-08-31 00:00:00,11531,3,8,2015,0,0,0,0,0,0,0,13
2015-09-01 00:00:00,11531,4,9,2015,0,0,0,0,1,1,0,14
2015-09-02 00:00:00,11531,5,9,2015,0,0,0,0,1,0,1,21
2015-09-03 00:00:00,11531,6,9,2015,0,0,0,0,1,1,1,15
2015-09-04 00:00:00,11531,7,9,2015,0,0,0,0,1,0,0,10
2015-09-05 00:00:00,11532,1,9,2015,0,0,0,0,1,1,1,17
2015-09-06 00:00:00,11532,2,9,2015,0,0,0,0,1,1,1,17
2015-09-07 00:00:00,11532,3,9,2015,11,2,0,0,1,1,0,38
2015-09-08 00:00:00,11532,4,9,2015,0,0,0,0,1,0,1,13
2015-09-09 00:00:00,11532,5,9,2015,0,0,0,0,1,1,1,29
2015-09-10 00:00:00,11532,6,9,2015,0,0,0,0,1,0,0,18
2015-09-11 00:00:00,11532,7,9,2015,0,0,0,0,0,1,1,17
2015-09-12 00:00:00,11533,1,9,2015,0,0,0,0,0,1,1,17
2015-09-13 00:00:00,11533,2,9,2015,0,0,0,0,0,1,0,18
2015-09-14 00:00:00,11533,3,9,2015,0,0,0,0,0,0,1,22
2015-09-15 00:00:00,11533,4,9,2015,0,0,0,0,0,1,1,8
2015-09-16 00:00:00,11533,5,9,2015,0,0,0,0,0,0,0,24
2015-09-17 00:00:00,11533,6,9,2015,0,0,0,0,0,0,0,45
2015-09-18 00:00:00,11533,7,9,2015,0,0,0,0,0,0,0,35
2015-09-19 00:00:00,11534,1,9,2015,0,0,0,0,0,0,0,16
2015-09-20 00:00:00,11534,2,9,2015,0,0,0,0,0,0,0,20
2015-09-21 00:00:00,11534,3,9,2015,0,0,0,0,0,0,0,30
2015-09-22 00:00:00,11534,4,9,2015,0,0,0,0,0,0,0,11
2015-09-23 00:00:00,11534,5,9,2015,0,0,0,0,0,0,0,24
2015-09-24 00:00:00,11534,6,9,2015,7,3,0,0,0,0,0,18
2015-09-25 00:00:00,11534,7,9,2015,0,0,0,0,0,0,0,22
2015-09-26 00:00:00,11535,1,9,2015,0,0,0,0,0,0,0,14
2015-09-27 00:00:00,11535,2,9,2015,0,0,0,0,0,0,0,18
2015-09-28 00:00:00,11535,3,9,2015,0,0,0,0,0,0,0,18
2015-09-29 00:00:00,11535,4,9,2015,0,0,0,0,0,0,0,19
2015-09-30 00:00:00,11535,5,9,2015,0,0,0,0,0,0,0,21
2015-10-01 00:00:00,11535,6,10,2015,0,0,0,0,1,1,0,18
2015-10-02 00:00:00,11535,7,10,2015,0,0,0,0,1,0,1,23
2015-10-03 00:00:00,11536,1,10,2015,0,0,0,0,1,1,1,16
2015-10-04 00:00:00,11536,2,10,2015,0,0,0,0,1,0,0,4
2015-10-05 00:00:00,11536,3,10,2015,0,0,0,0,1,1,1,17
2015-10-06 00:00:00,11536,4,10,2015,0,0,0,0,1,1,1,20
2015-10-07 00:00:00,11536,5,10,2015,0,0,0,0,1,1,0,17
2015-10-08 00:00:00,11536,6,10,2015,0,0,0,0,1,0,1,27
2015-10-09 00:00:00,11536,7,10,2015,0,0,0,0,1,1,1,27
2015-10-10 00:00:00,11537,1,10,2015,0,0,0,0,1,0,0,16
2015-10-11 00:00:00,11537,2,10,2015,0,0,0,0,0,1,1,21
2015-10-12 00:00:00,11537,3,10,2015,4,2,0,0,0,1,1,15
2015-10-13 00:00:00,11537,4,10,2015,0,0,0,0,0,1,0,24
2015-10-14 00:00:00,11537,5,10,2015,0,0,0,0,0,0,1,20
2015-10-15 00:00:00,11537,6,10,2015,0,0,0,0,0,1,1,24
2015-10-16 00:00:00,11537,7,10,2015,0,0,0,0,0,0,0,17
2015-10-17 00:00:00,11538,1,10,2015,0,0,0,0,0,0,0,0
2015-10-18 00:00:00,11538,2,10,2015,0,0,0,0,0,0,0,0
2015-10-19 00:00:00,11538,3,10,2015,0,0,0,0,0,0,0,30
2015-10-20 00:00:00,11538,4,10,2015,0,0,0,0,0,0,0,28
2015-10-21 00:00:00,11538,5,10,2015,0,0,0,0,0,0,0,34
2015-10-22 00:00:00,11538,6,10,2015,0,0,0,0,0,0,0,21
2015-10-23 00:00:00,11538,7,10,2015,0,0,0,0,0,0,0,16
2015-10-24 00:00:00,11539,1,10,2015,0,0,0,0,0,0,0,23
2015-10-25 00:00:00,11539,2,10,2015,0,0,0,0,0,0,0,16
2015-10-26 00:00:00,11539,3,10,2015,0,0,0,0,0,0,0,30
2015-10-27 00:00:00,11539,4,10,2015,0,0,0,0,0,0,0,37
2015-10-28 00:00:00,11539,5,10,2015,0,0,0,0,0,0,0,20
2015-10-29 00:00:00,11539,6,10,2015,0,0,0,0,0,0,0,25
2015-10-30 00:00:00,11539,7,10,2015,0,0,0,0,0,0,0,16
2015-10-31 00:00:00,11540,1,10,2015,9,1,0,0,0,0,0,22
2015-11-01 00:00:00,11540,2,11,2015,0,0,0,0,1,1,0,16
2015-11-02 00:00:00,11540,3,11,2015,0,0,0,0,1,0,1,26
2015-11-03 00:00:00,11540,4,11,2015,0,0,0,0,1,1,1,35
2015-11-04 00:00:00,11540,5,11,2015,0,0,0,0,1,0,0,33
2015-11-05 00:00:00,11540,6,11,2015,0,0,0,0,1,1,1,13
2015-11-06 00:00:00,11540,7,11,2015,0,0,0,0,1,1,1,22
2015-11-07 00:00:00,11541,1,11,2015,0,0,0,0,1,1,0,24
2015-11-08 00:00:00,11541,2,11,2015,0,0,0,0,1,0,1,14
2015-11-09 00:00:00,11541,3,11,2015,0,0,0,0,1,1,1,32
2015-11-10 00:00:00,11541,4,11,2015,0,0,0,0,1,0,0,34
2015-11-11 00:00:00,11541,5,11,2015,30,2,0,0,0,1,1,32
2015-11-12 00:00:00,11541,6,11,2015,0,0,0,0,0,1,1,9
2015-11-13 00:00:00,11541,7,11,2015,0,0,0,0,0,1,0,18
2015-11-14 00:00:00,11542,1,11,2015,0,0,0,0,0,0,1,27
2015-11-15 00:00:00,11542,2,11,2015,0,0,0,0,0,1,1,10
2015-11-16 00:00:00,11542,3,11,2015,0,0,0,0,0,0,0,9
2015-11-17 00:00:00,11542,4,11,2015,0,0,0,0,0,0,0,11
2015-11-18 00:00:00,11542,5,11,2015,0,0,0,0,0,0,0,31
2015-11-19 00:00:00,11542,6,11,2015,0,0,0,0,0,0,0,12
2015-11-20 00:00:00,11542,7,11,2015,0,0,0,0,0,0,0,12
2015-11-21 00:00:00,11543,1,11,2015,0,0,0,0,0,0,0,13
2015-11-22 00:00:00,11543,2,11,2015,0,0,0,0,0,0,0,4
2015-11-23 00:00:00,11543,3,11,2015,0,0,0,0,0,0,0,19
2015-11-24 00:00:00,11543,4,11,2015,0,0,0,0,0,0,0,26
2015-11-25 00:00:00,11543,5,11,2015,0,0,0,0,0,0,0,18
2015-11-26 00:00:00,11543,6,11,2015,28,2,0,0,0,0,0,16
2015-11-27 00:00:00,11543,7,11,2015,0,0,0,0,0,0,0,12
2015-11-28 00:00:00,11544,1,11,2015,0,0,0,0,0,0,0,16
2015-11-29 00:00:00,11544,2,11,2015,0,0,0,0,0,0,0,9
2015-11-30 00:00:00,11544,3,11,2015,0,0,0,0,0,0,0,14
2015-12-01 00:00:00,11544,4,12,2015,0,0,0,0,1,1,0,19
2015-12-02 00:00:00,11544,5,12,2015,0,0,0,0,1,0,1,9
2015-12-03 00:00:00,11544,6,12,2015,0,0,0,0,1,1,1,15
2015-12-04 00:00:00,11544,7,12,2015,0,0,0,0,1,0,0,11
2015-12-05 00:00:00,11545,1,12,2015,0,0,0,0,1,1,1,21
2015-12-06 00:00:00,11545,2,12,2015,0,0,0,0,1,1,1,13
2015-12-07 00:00:00,11545,3,12,2015,0,0,0,0,1,1,0,16
2015-12-08 00:00:00,11545,4,12,2015,0,0,0,0,1,0,1,9
2015-12-09 00:00:00,11545,5,12,2015,0,0,0,0,1,1,1,28
2015-12-10 00:00:00,11545,6,12,2015,0,0,0,0,1,0,0,15
2015-12-11 00:00:00,11545,7,12,2015,0,0,0,0,0,1,1,15
2015-12-12 00:00:00,11546,1,12,2015,0,0,0,0,0,1,1,10
2015-12-13 00:00:00,11546,2,12,2015,0,0,0,0,0,1,0,22
2015-12-14 00:00:00,11546,3,12,2015,1,3,0,0,0,0,1,15
2015-12-15 00:00:00,11546,4,12,2015,0,0,0,0,0,1,1,22
2015-12-16 00:00:00,11546,5,12,2015,0,0,0,0,0,0,0,20
2015-12-17 00:00:00,11546,6,12,2015,0,0,0,0,0,0,0,14
2015-12-18 00:00:00,11546,7,12,2015,0,0,0,0,0,0,0,18
2015-12-19 00:00:00,11547,1,12,2015,0,0,0,0,0,0,0,17
2015-12-20 00:00:00,11547,2,12,2015,0,0,0,0,0,0,0,29
2015-12-21 00:00:00,11547,3,12,2015,0,0,0,0,0,0,0,30
2015-12-22 00:00:00,11547,4,12,2015,0,0,0,0,0,0,0,32
2015-12-23 00:00:00,11547,5,12,2015,0,0,0,0,0,0,0,26
2015-12-24 00:00:00,11547,6,12,2015,0,0,0,0,0,0,0,35
2015-12-25 00:00:00,11547,7,12,2015,2,2,0,0,0,0,0,27
2015-12-26 00:00:00,11548,1,12,2015,0,0,0,0,0,0,0,31
2015-12-27 00:00:00,11548,2,12,2015,0,0,0,0,0,0,0,14
2015-12-28 00:00:00,11548,3,12,2015,0,0,0,0,0,0,0,23
2015-12-29 00:00:00,11548,4,12,2015,0,0,0,0,0,0,0,30
2015-12-30 00:00:00,11548,5,12,2015,0,0,0,0,0,0,0,27
2015-12-31 00:00:00,11548,6,12,2015,0,0,0,0,0,0,0,20
2016-01-01 00:00:00,11548,7,1,2016,19,2,0,0,1,1,0,21
2016-01-02 00:00:00,11549,1,1,2016,0,0,0,0,1,0,1,15
2016-01-03 00:00:00,11549,2,1,2016,0,0,0,0,1,1,1,19
2016-01-04 00:00:00,11549,3,1,2016,0,0,0,0,1,0,0,15
2016-01-05 00:00:00,11549,4,1,2016,0,0,0,0,1,1,1,30
2016-01-06 00:00:00,11549,5,1,2016,0,0,0,0,1,1,1,18
2016-01-07 00:00:00,11549,6,1,2016,20,3,0,0,1,1,0,25
2016-01-08 00:00:00,11549,7,1,2016,0,0,0,0,1,0,1,18
2016-01-09 00:00:00,11550,1,1,2016,0,0,0,0,1,1,1,17
2016-01-10 00:00:00,11550,2,1,2016,0,0,0,0,1,0,0,17
2016-01-11 00:00:00,11550,3,1,2016,0,0,0,0,0,1,1,24
2016-01-12 00:00:00,11550,4,1,2016,0,0,0,0,0,1,1,35
2016-01-13 00:00:00,11550,5,1,2016,0,0,0,0,0,1,0,17
2016-01-14 00:00:00,11550,6,1,2016,0,0,0,0,0,0,1,23
2016-01-15 00:00:00,11550,7,1,2016,0,0,0,0,0,1,1,18
2016-01-16 00:00:00,11551,1,1,2016,0,0,0,0,0,0,0,17
2016-01-17 00:00:00,11551,2,1,2016,0,0,0,0,0,0,0,30
2016-01-18 00:00:00,11551,3,1,2016,14,2,0,0,0,0,0,37
2016-01-19 00:00:00,11551,4,1,2016,0,0,0,0,0,0,0,22
2016-01-20 00:00:00,11551,5,1,2016,0,0,0,0,0,0,0,21
2016-01-21 00:00:00,11551,6,1,2016,0,0,0,0,0,0,0,20
2016-01-22 00:00:00,11551,7,1,2016,0,0,0,0,0,0,0,24
2016-01-23 00:00:00,11552,1,1,2016,0,0,0,0,0,0,0,13
2016-01-24 00:00:00,11552,2,1,2016,0,0,0,0,0,0,0,28
2016-01-25 00:00:00,11552,3,1,2016,0,0,0,0,0,0,0,27
2016-01-26 00:00:00,11552,4,1,2016,0,0,0,0,0,0,0,30
2016-01-27 00:00:00,11552,5,1,2016,0,0,0,0,0,0,0,28
2016-01-28 00:00:00,11552,6,1,2016,0,0,0,0,0,0,0,25
2016-01-29 00:00:00,11552,7,1,2016,0,0,0,0,0,0,0,20
2016-01-30 00:00:00,11601,1,1,2016,0,0,0,0,0,0,0,19
2016-01-31 00:00:00,11601,2,1,2016,0,0,0,0,0,0,0,24
2016-02-01 00:00:00,11601,3,2,2016,0,0,0,0,1,1,0,16
2016-02-02 00:00:00,11601,4,2,2016,0,0,0,0,1,0,1,23
2016-02-03 00:00:00,11601,5,2,2016,0,0,0,0,1,1,1,26
2016-02-04 00:00:00,11601,6,2,2016,0,0,0,0,1,0,0,23
2016-02-05 00:00:00,11601,7,2,2016,0,0,0,0,1,1,1,29
2016-02-06 00:00:00,11602,1,2,2016,0,0,0,0,1,1,1,25
2016-02-07 00:00:00,11602,2,2,2016,27,4,0,0,1,1,0,19
2016-02-08 00:00:00,11602,3,2,2016,0,0,0,0,1,0,1,17
2016-02-09 00:00:00,11602,4,2,2016,0,0,0,0,1,1,1,25
2016-02-10 00:00:00,11602,5,2,2016,12,3,0,0,1,0,0,25
2016-02-11 00:00:00,11602,6,2,2016,0,0,0,0,0,1,1,27
2016-02-12 00:00:00,11602,7,2,2016,0,0,0,0,0,1,1,22
2016-02-13 00:00:00,11603,1,2,2016,0,0,0,0,0,1,0,26
2016-02-14 00:00:00,11603,2,2,2016,29,1,0,0,0,0,1,11
2016-02-15 00:00:00,11603,3,2,2016,23,2,0,0,0,1,1,33
2016-02-16 00:00:00,11603,4,2,2016,0,0,0,0,0,0,0,36
2016-02-17 00:00:00,11603,5,2,2016,13,3,0,0,0,0,0,31
2016-02-18 00:00:00,11603,6,2,2016,0,0,0,0,0,0,0,13
2016-02-19 00:00:00,11603,7,2,2016,0,0,0,0,0,0,0,16
2016-02-20 00:00:00,11604,1,2,2016,0,0,0,0,0,0,0,20
2016-02-21 00:00:00,11604,2,2,2016,0,0,0,0,0,0,0,26
2016-02-22 00:00:00,11604,3,2,2016,0,0,0,0,0,0,0,26
2016-02-23 00:00:00,11604,4,2,2016,0,0,0,0,0,0,0,24
2016-02-24 00:00:00,11604,5,2,2016,0,0,0,0,0,0,0,19
2016-02-25 00:00:00,11604,6,2,2016,0,0,0,0,0,0,0,18
2016-02-26 00:00:00,11604,7,2,2016,0,0,0,0,0,0,0,25
2016-02-27 00:00:00,11605,1,2,2016,0,0,0,0,0,0,0,12
2016-02-28 00:00:00,11605,2,2,2016,0,0,0,0,0,0,0,17
2016-02-29 00:00:00,11605,3,2,2016,0,0,0,0,0,0,0,18
2016-03-01 00:00:00,11605,4,3,2016,0,0,0,0,1,1,0,14
2016-03-02 00:00:00,11605,5,3,2016,0,0,0,0,1,0,1,20
2016-03-03 00:00:00,11605,6,3,2016,0,0,0,0,1,1,1,11
2016-03-04 00:00:00,11605,7,3,2016,0,0,0,0,1,0,0,14
2016-03-05 00:00:00,11606,1,3,2016,0,0,0,0,1,1,1,17
2016-03-06 00:00:00,11606,2,3,2016,0,0,0,0,1,1,1,14
2016-03-07 00:00:00,11606,3,3,2016,0,0,0,0,1,1,0,20
2016-03-08 00:00:00,11606,4,3,2016,0,0,0,0,1,0,1,19
2016-03-09 00:00:00,11606,5,3,2016,0,0,0,0,1,1,1,26
2016-03-10 00:00:00,11606,6,3,2016,0,0,0,0,1,0,0,17
2016-03-11 00:00:00,11606,7,3,2016,0,0,0,0,0,1,1,13
2016-03-12 00:00:00,11607,1,3,2016,0,0,0,0,0,1,1,11
2016-03-13 00:00:00,11607,2,3,2016,0,0,0,0,0,1,0,12
2016-03-14 00:00:00,11607,3,3,2016,0,0,0,0,0,0,1,11
2016-03-15 00:00:00,11607,4,3,2016,0,0,0,0,0,1,1,21
2016-03-16 00:00:00,11607,5,3,2016,0,0,0,0,0,0,0,14
2016-03-17 00:00:00,11607,6,3,2016,26,1,0,0,0,0,0,24
2016-03-18 00:00:00,11607,7,3,2016,0,0,0,0,0,0,0,9
2016-03-19 00:00:00,11608,1,3,2016,0,0,0,0,0,0,0,17
2016-03-20 00:00:00,11608,2,3,2016,0,0,0,0,0,0,0,11
2016-03-21 00:00:00,11608,3,3,2016,0,0,0,0,0,0,0,19
2016-03-22 00:00:00,11608,4,3,2016,0,0,0,0,0,0,0,44
2016-03-23 00:00:00,11608,5,3,2016,0,0,0,0,0,0,0,32
2016-03-24 00:00:00,11608,6,3,2016,24,3,0,0,0,0,0,10
2016-03-25 00:00:00,11608,7,3,2016,0,0,0,0,0,0,0,38
2016-03-26 00:00:00,11609,1,3,2016,0,0,0,0,0,0,0,22
2016-03-27 00:00:00,11609,2,3,2016,5,1,0,0,0,0,0,13
2016-03-28 00:00:00,11609,3,3,2016,0,0,0,0,0,0,0,25
2016-03-29 00:00:00,11609,4,3,2016,0,0,0,0,0,0,0,23
2016-03-30 00:00:00,11609,5,3,2016,0,0,0,0,0,0,0,37
2016-03-31 00:00:00,11609,6,3,2016,0,0,0,0,0,0,0,9
2016-04-01 00:00:00,11609,7,4,2016,0,0,0,0,1,1,0,12
2016-04-02 00:00:00,11610,1,4,2016,0,0,0,0,1,0,1,19
2016-04-03 00:00:00,11610,2,4,2016,0,0,0,0,1,1,1,16
2016-04-04 00:00:00,11610,3,4,2016,0,0,0,0,1,0,0,18
2016-04-05 00:00:00,11610,4,4,2016,0,0,0,0,1,1,1,26
2016-04-06 00:00:00,11610,5,4,2016,0,0,0,0,1,1,1,39
2016-04-07 00:00:00,11610,6,4,2016,0,0,0,0,1,1,0,11
2016-04-08 00:00:00,11610,7,4,2016,0,0,0,0,1,0,1,0
2016-04-09 00:00:00,11611,1,4,2016,0,0,0,0,1,1,1,0
2016-04-10 00:00:00,11611,2,4,2016,0,0,0,0,1,0,0,0
2016-04-11 00:00:00,11611,3,4,2016,0,0,0,0,0,1,1,0
2016-04-12 00:00:00,11611,4,4,2016,0,0,0,0,0,1,1,0
2016-04-13 00:00:00,11611,5,4,2016,0,0,0,0,0,1,0,0
2016-04-14 00:00:00,11611,6,4,2016,0,0,0,0,0,0,1,0
2016-04-15 00:00:00,11611,7,4,2016,0,0,0,0,0,1,1,0
2016-04-16 00:00:00,11612,1,4,2016,0,0,0,0,0,0,0,0
2016-04-17 00:00:00,11612,2,4,2016,0,0,0,0,0,0,0,0
2016-04-18 00:00:00,11612,3,4,2016,0,0,0,0,0,0,0,0
2016-04-19 00:00:00,11612,4,4,2016,0,0,0,0,0,0,0,0
2016-04-20 00:00:00,11612,5,4,2016,0,0,0,0,0,0,0,0
2016-04-21 00:00:00,11612,6,4,2016,0,0,0,0,0,0,0,0
2016-04-22 00:00:00,11612,7,4,2016,0,0,0,0,0,0,0,0
2016-04-23 00:00:00,11613,1,4,2016,0,0,0,0,0,0,0,0
2016-04-24 00:00:00,11613,2,4,2016,0,0,0,0,0,0,0,0
